cust_id,cust_fname,cust_lname,segment,postal_id,city_name,location_id,TBL_LAST_DATE
AA-10315102,Alex,"Avila ",Consumer,,"Bacolod City",848,"2023-03-25 02:51:07"
AA-10315120,Alex,"Avila ",Consumer,,Parla,2755,"2023-03-25 02:51:07"
AA-10315139,Alex,"Avila ",Consumer,,Manchester,2374,"2023-03-25 02:51:07"
AA-103151402,Alex,"Avila ",Consumer,55407,Minneapolis,283,"2023-03-25 02:51:07"
AA-103151404,Alex,"Avila ",Consumer,94109,"San Francisco",579,"2023-03-25 02:51:07"
AA-103151406,Alex,"Avila ",Consumer,10011,"New York City",3,"2023-03-25 02:51:07"
AA-1031545,Alex,"Avila ",Consumer,,Paris,2754,"2023-03-25 02:51:07"
AA-1031548,Alex,"Avila ",Consumer,,Berlin,977,"2023-03-25 02:51:07"
AA-1031558,Alex,"Avila ",Consumer,,Agra,668,"2023-03-25 02:51:07"
AA-103157,Alex,"Avila ",Consumer,,Wollongong,3679,"2023-03-25 02:51:07"
AA-1031582,Alex,"Avila ",Consumer,,Culiac·n,1379,"2023-03-25 02:51:07"
AA-103751,Allen,"Armold ",Consumer,,Kabul,2003,"2023-03-25 02:51:07"
AA-10375101,Allen,"Armold ",Consumer,,Lima,2256,"2023-03-25 02:51:07"
AA-103751402,Allen,"Armold ",Consumer,68104,Omaha,355,"2023-03-25 02:51:07"
AA-103751404,Allen,"Armold ",Consumer,85204,Mesa,489,"2023-03-25 02:51:07"
AA-103751406,Allen,"Armold ",Consumer,10035,"New York City",5,"2023-03-25 02:51:07"
AA-103751408,Allen,"Armold ",Consumer,30318,Atlanta,106,"2023-03-25 02:51:07"
AA-1037545,Allen,"Armold ",Consumer,,Angers,743,"2023-03-25 02:51:07"
AA-103755,Allen,"Armold ",Consumer,,"San Justo",3100,"2023-03-25 02:51:07"
AA-1037554,Allen,"Armold ",Consumer,,Carrefour,1189,"2023-03-25 02:51:07"
AA-1037558,Allen,"Armold ",Consumer,,Mumbai,2560,"2023-03-25 02:51:07"
AA-1037564,Allen,"Armold ",Consumer,,"Sesto San Giovanni",3184,"2023-03-25 02:51:07"
AA-103757,Allen,"Armold ",Consumer,,Tamworth,3352,"2023-03-25 02:51:07"
AA-1037582,Allen,"Armold ",Consumer,,"Santa Catarina",3128,"2023-03-25 02:51:07"
AA-1037592,Allen,"Armold ",Consumer,,Porirua,2848,"2023-03-25 02:51:07"
AA-10480101,Andrew,"Allen ",Consumer,,Huancayo,1853,"2023-03-25 02:51:07"
AA-10480102,Andrew,"Allen ",Consumer,,Valenzuela,3530,"2023-03-25 02:51:07"
AA-10480130,Andrew,"Allen ",Consumer,,Bangkok,884,"2023-03-25 02:51:07"
AA-10480139,Andrew,"Allen ",Consumer,,London,2289,"2023-03-25 02:51:07"
AA-104801402,Andrew,"Allen ",Consumer,65807,Springfield,347,"2023-03-25 02:51:07"
AA-104801406,Andrew,"Allen ",Consumer,6457,Middletown,342,"2023-03-25 02:51:07"
AA-104801408,Andrew,"Allen ",Consumer,28027,Concord,83,"2023-03-25 02:51:07"
AA-1048031,Andrew,"Allen ",Consumer,,"San JosÈ de las Lajas",3095,"2023-03-25 02:51:07"
AA-1048045,Andrew,"Allen ",Consumer,,"Le Plessis-Robinson",2214,"2023-03-25 02:51:07"
AA-1048048,Andrew,"Allen ",Consumer,,Leipzig,2223,"2023-03-25 02:51:07"
AA-1048059,Andrew,"Allen ",Consumer,,Surabaya,3317,"2023-03-25 02:51:07"
AA-104807,Andrew,"Allen ",Consumer,,Adelaide,660,"2023-03-25 02:51:07"
AA-1048082,Andrew,"Allen ",Consumer,,Toluca,3435,"2023-03-25 02:51:07"
AA-1048096,Andrew,"Allen ",Consumer,,Bergen,972,"2023-03-25 02:51:07"
AA-1064511,Anna,"Andreadi ",Consumer,,Chittagong,1284,"2023-03-25 02:51:07"
AA-10645139,Anna,"Andreadi ",Consumer,,Birmingham,1012,"2023-03-25 02:51:07"
AA-106451402,Anna,"Andreadi ",Consumer,73120,"Oklahoma City",385,"2023-03-25 02:51:07"
AA-106451404,Anna,"Andreadi ",Consumer,94109,"San Francisco",579,"2023-03-25 02:51:07"
AA-106451406,Anna,"Andreadi ",Consumer,19013,Chester,34,"2023-03-25 02:51:07"
AA-106451408,Anna,"Andreadi ",Consumer,40324,Georgetown,182,"2023-03-25 02:51:07"
AA-1064518,Anna,"Andreadi ",Consumer,,Aracati,778,"2023-03-25 02:51:07"
AA-1064531,Anna,"Andreadi ",Consumer,,Camag¸ey,1155,"2023-03-25 02:51:07"
AA-1064536,Anna,"Andreadi ",Consumer,,"Santo Domingo",3146,"2023-03-25 02:51:07"
AA-1064545,Anna,"Andreadi ",Consumer,,Talence,3347,"2023-03-25 02:51:07"
AA-106455,Anna,"Andreadi ",Consumer,,"Santa Rosa",3136,"2023-03-25 02:51:07"
AA-1064556,Anna,"Andreadi ",Consumer,,Kowloon,2124,"2023-03-25 02:51:07"
AA-1064558,Anna,"Andreadi ",Consumer,,Hyderabad,1867,"2023-03-25 02:51:07"
AA-1064559,Anna,"Andreadi ",Consumer,,Jakarta,1943,"2023-03-25 02:51:07"
AA-1064564,Anna,"Andreadi ",Consumer,,Milan,2483,"2023-03-25 02:51:07"
AA-106457,Anna,"Andreadi ",Consumer,,"Gold Coast",1683,"2023-03-25 02:51:07"
AA-1064578,Anna,"Andreadi ",Consumer,,Taiping,3334,"2023-03-25 02:51:07"
AA-106458,Anna,"Andreadi ",Consumer,,Vienna,3575,"2023-03-25 02:51:07"
AA-1064582,Anna,"Andreadi ",Consumer,,Ixtapaluca,1934,"2023-03-25 02:51:07"
AA-1064593,Anna,"Andreadi ",Consumer,,Matagalpa,2424,"2023-03-25 02:51:07"
AA-1064598,Anna,"Andreadi ",Consumer,,"San Miguelito",3106,"2023-03-25 02:51:07"
AA-315108,Alex,"Avila ",Consumer,,Kaspiysk,2043,"2023-03-25 02:51:07"
AA-31513,Alex,"Avila ",Consumer,,Hrodna,1846,"2023-03-25 02:51:07"
AA-315134,Alex,"Avila ",Consumer,,Bursa,1117,"2023-03-25 02:51:07"
AA-315137,Alex,"Avila ",Consumer,,Dnipropetrovs'k,1447,"2023-03-25 02:51:07"
AA-31552,Alex,"Avila ",Consumer,,Kankan,2027,"2023-03-25 02:51:07"
AA-375103,Allen,"Armold ",Consumer,,Lodz,2284,"2023-03-25 02:51:07"
AA-375110,Allen,"Armold ",Consumer,,Jeddah,1956,"2023-03-25 02:51:07"
AA-375134,Allen,"Armold ",Consumer,,Bursa,1117,"2023-03-25 02:51:07"
AA-375146,Allen,"Armold ",Consumer,,Livingstone,2280,"2023-03-25 02:51:07"
AA-37515,Allen,"Armold ",Consumer,,Lokossa,2286,"2023-03-25 02:51:07"
AA-37523,Allen,"Armold ",Consumer,,MontrÈal,2533,"2023-03-25 02:51:07"
AA-37569,Allen,"Armold ",Consumer,,Nairobi,2580,"2023-03-25 02:51:07"
AA-37595,Allen,"Armold ",Consumer,,Lagos,2177,"2023-03-25 02:51:07"
AA-480137,Andrew,"Allen ",Consumer,,Luts'k,2332,"2023-03-25 02:51:07"
AA-48023,Andrew,"Allen ",Consumer,,Toronto,3445,"2023-03-25 02:51:07"
AA-4803,Andrew,"Allen ",Consumer,,Bechar,937,"2023-03-25 02:51:07"
AA-4804,Andrew,"Allen ",Consumer,,Kuito,2138,"2023-03-25 02:51:07"
AA-48075,Andrew,"Allen ",Consumer,,Siauliai,3223,"2023-03-25 02:51:07"
AA-645117,Anna,"Andreadi ",Consumer,,"Port Elizabeth",2850,"2023-03-25 02:51:07"
AA-645137,Anna,"Andreadi ",Consumer,,L'viv,2154,"2023-03-25 02:51:07"
AA-6453,Anna,"Andreadi ",Consumer,,Algiers,704,"2023-03-25 02:51:07"
AA-64561,Anna,"Andreadi ",Consumer,,Mosul,2547,"2023-03-25 02:51:07"
AA-64570,Anna,"Andreadi ",Consumer,,Bishkek,1015,"2023-03-25 02:51:07"
AA-64574,Anna,"Andreadi ",Consumer,,Benghazi,958,"2023-03-25 02:51:07"
AA-64586,Anna,"Andreadi ",Consumer,,Sale,3067,"2023-03-25 02:51:07"
AA-64595,Anna,"Andreadi ",Consumer,,Onitsha,2686,"2023-03-25 02:51:07"
AB-10015130,Aaron,"Bergman ",Consumer,,Bangkok,884,"2023-03-25 02:51:07"
AB-10015139,Aaron,"Bergman ",Consumer,,Southend-on-Sea,3274,"2023-03-25 02:51:07"
AB-100151402,Aaron,"Bergman ",Consumer,76017,Arlington,407,"2023-03-25 02:51:07"
AB-100151404,Aaron,"Bergman ",Consumer,98103,Seattle,622,"2023-03-25 02:51:07"
AB-10015144,Aaron,"Bergman ",Consumer,,"Da Nang",1389,"2023-03-25 02:51:07"
AB-1001518,Aaron,"Bergman ",Consumer,,Barueri,916,"2023-03-25 02:51:07"
AB-1001527,Aaron,"Bergman ",Consumer,,Wuhan,3687,"2023-03-25 02:51:07"
AB-1001539,Aaron,"Bergman ",Consumer,,Apopa,772,"2023-03-25 02:51:07"
AB-1001545,Aaron,"Bergman ",Consumer,,Lille,2254,"2023-03-25 02:51:07"
AB-1001548,Aaron,"Bergman ",Consumer,,Viersen,3577,"2023-03-25 02:51:07"
AB-100155,Aaron,"Bergman ",Consumer,,Avellaneda,837,"2023-03-25 02:51:07"
AB-1001551,Aaron,"Bergman ",Consumer,,Mixco,2496,"2023-03-25 02:51:07"
AB-1001558,Aaron,"Bergman ",Consumer,,Kolhapur,2109,"2023-03-25 02:51:07"
AB-1001559,Aaron,"Bergman ",Consumer,,Palembang,2726,"2023-03-25 02:51:07"
AB-1001564,Aaron,"Bergman ",Consumer,,Marsala,2411,"2023-03-25 02:51:07"
AB-100157,Aaron,"Bergman ",Consumer,,Mackay,2341,"2023-03-25 02:51:07"
AB-1001582,Aaron,"Bergman ",Consumer,,Guadalajara,1716,"2023-03-25 02:51:07"
AB-1001591,Aaron,"Bergman ",Consumer,,Breda,1077,"2023-03-25 02:51:07"
AB-1001593,Aaron,"Bergman ",Consumer,,LeÛn,2237,"2023-03-25 02:51:07"
AB-10060102,Adam,"Bellavance ","Home Office",,Caloocan,1151,"2023-03-25 02:51:07"
AB-10060107,Adam,"Bellavance ","Home Office",,"Drobeta-Turnu Severin",1470,"2023-03-25 02:51:07"
AB-10060113,Adam,"Bellavance ","Home Office",,Singapore,3238,"2023-03-25 02:51:07"
AB-10060117,Adam,"Bellavance ","Home Office",,"Cape Town",1175,"2023-03-25 02:51:07"
AB-10060134,Adam,"Bellavance ","Home Office",,Izmir,1936,"2023-03-25 02:51:07"
AB-10060139,Adam,"Bellavance ","Home Office",,London,2289,"2023-03-25 02:51:07"
AB-100601402,Adam,"Bellavance ","Home Office",46142,Greenwood,216,"2023-03-25 02:51:07"
AB-100601404,Adam,"Bellavance ","Home Office",90004,"Los Angeles",516,"2023-03-25 02:51:07"
AB-100601406,Adam,"Bellavance ","Home Office",10009,"New York City",2,"2023-03-25 02:51:07"
AB-100601408,Adam,"Bellavance ","Home Office",22980,Waynesboro,63,"2023-03-25 02:51:07"
AB-10060147,Adam,"Bellavance ","Home Office",,Harare,1789,"2023-03-25 02:51:07"
AB-1006027,Adam,"Bellavance ","Home Office",,Wafangdian,3631,"2023-03-25 02:51:07"
AB-1006028,Adam,"Bellavance ","Home Office",,MedellÌn,2449,"2023-03-25 02:51:07"
AB-1006036,Adam,"Bellavance ","Home Office",,"Santo Domingo",3146,"2023-03-25 02:51:07"
AB-1006039,Adam,"Bellavance ","Home Office",,Soyapango,3277,"2023-03-25 02:51:07"
AB-1006045,Adam,"Bellavance ","Home Office",,Villeneuve-la-Garenne,3597,"2023-03-25 02:51:07"
AB-100605,Adam,"Bellavance ","Home Office",,"Santa Fe",3133,"2023-03-25 02:51:07"
AB-1006051,Adam,"Bellavance ","Home Office",,"Villa Nueva",3588,"2023-03-25 02:51:07"
AB-1006055,Adam,"Bellavance ","Home Office",,Choluteca,1290,"2023-03-25 02:51:07"
AB-1006059,Adam,"Bellavance ","Home Office",,Denpasar,1421,"2023-03-25 02:51:07"
AB-1006061,Adam,"Bellavance ","Home Office",,Baghdad,859,"2023-03-25 02:51:07"
AB-100607,Adam,"Bellavance ","Home Office",,Sydney,3327,"2023-03-25 02:51:07"
AB-1006075,Adam,"Bellavance ","Home Office",,Kaunas,2053,"2023-03-25 02:51:07"
AB-1006082,Adam,"Bellavance ","Home Office",,"Mexico City",2474,"2023-03-25 02:51:07"
AB-1006086,Adam,"Bellavance ","Home Office",,Marrakech,2408,"2023-03-25 02:51:07"
AB-1006091,Adam,"Bellavance ","Home Office",,Amsterdam,732,"2023-03-25 02:51:07"
AB-1006092,Adam,"Bellavance ","Home Office",,Papakura,2745,"2023-03-25 02:51:07"
AB-1006096,Adam,"Bellavance ","Home Office",,Oslo,2703,"2023-03-25 02:51:07"
AB-1006098,Adam,"Bellavance ","Home Office",,David,1409,"2023-03-25 02:51:07"
AB-10105101,Adrian,"Barton ",Consumer,,Puno,2892,"2023-03-25 02:51:07"
AB-10105120,Adrian,"Barton ",Consumer,,Marbella,2395,"2023-03-25 02:51:07"
AB-101051402,Adrian,"Barton ",Consumer,77581,Pearland,429,"2023-03-25 02:51:07"
AB-101051404,Adrian,"Barton ",Consumer,85023,Phoenix,488,"2023-03-25 02:51:07"
AB-101051406,Adrian,"Barton ",Consumer,10011,"New York City",3,"2023-03-25 02:51:07"
AB-101051408,Adrian,"Barton ",Consumer,42420,Henderson,189,"2023-03-25 02:51:07"
AB-1010518,Adrian,"Barton ",Consumer,,Surubim,3322,"2023-03-25 02:51:07"
AB-1010528,Adrian,"Barton ",Consumer,,OcaÒa,2674,"2023-03-25 02:51:07"
AB-1010545,Adrian,"Barton ",Consumer,,Avion,840,"2023-03-25 02:51:07"
AB-1010548,Adrian,"Barton ",Consumer,,Munster,2562,"2023-03-25 02:51:07"
AB-101055,Adrian,"Barton ",Consumer,,"La Rioja",2166,"2023-03-25 02:51:07"
AB-1010555,Adrian,"Barton ",Consumer,,Tegucigalpa,3383,"2023-03-25 02:51:07"
AB-1010558,Adrian,"Barton ",Consumer,,Kochi,2105,"2023-03-25 02:51:07"
AB-1010562,Adrian,"Barton ",Consumer,,Dublin,1474,"2023-03-25 02:51:07"
AB-1010564,Adrian,"Barton ",Consumer,,Bari,901,"2023-03-25 02:51:07"
AB-101057,Adrian,"Barton ",Consumer,,Adelaide,660,"2023-03-25 02:51:07"
AB-1010582,Adrian,"Barton ",Consumer,,"Soledad DÌez GutiÈrrez",3258,"2023-03-25 02:51:07"
AB-10150118,Aimee,"Bixby ",Consumer,,Daegu,1391,"2023-03-25 02:51:07"
AB-10150120,Aimee,"Bixby ",Consumer,,"San Fernando",3089,"2023-03-25 02:51:07"
AB-10150139,Aimee,"Bixby ",Consumer,,London,2289,"2023-03-25 02:51:07"
AB-101501402,Aimee,"Bixby ",Consumer,75007,Carrollton,391,"2023-03-25 02:51:07"
AB-101501406,Aimee,"Bixby ",Consumer,11561,"Long Beach",12,"2023-03-25 02:51:07"
AB-10150143,Aimee,"Bixby ",Consumer,,"El LimÛn",1507,"2023-03-25 02:51:07"
AB-1015027,Aimee,"Bixby ",Consumer,,Yuyao,3746,"2023-03-25 02:51:07"
AB-1015036,Aimee,"Bixby ",Consumer,,"Santo Domingo",3146,"2023-03-25 02:51:07"
AB-1015039,Aimee,"Bixby ",Consumer,,"San Salvador",3113,"2023-03-25 02:51:07"
AB-1015045,Aimee,"Bixby ",Consumer,,Maisons-Alfort,2352,"2023-03-25 02:51:07"
AB-1015055,Aimee,"Bixby ",Consumer,,Tegucigalpa,3383,"2023-03-25 02:51:07"
AB-101507,Aimee,"Bixby ",Consumer,,Sydney,3327,"2023-03-25 02:51:07"
AB-1015082,Aimee,"Bixby ",Consumer,,Culiac·n,1379,"2023-03-25 02:51:07"
AB-1015093,Aimee,"Bixby ",Consumer,,Managua,2372,"2023-03-25 02:51:07"
AB-10165113,Alan,"Barnes ",Consumer,,Singapore,3238,"2023-03-25 02:51:07"
AB-10165139,Alan,"Barnes ",Consumer,,Bournemouth,1064,"2023-03-25 02:51:07"
AB-101651402,Alan,"Barnes ",Consumer,62521,Decatur,333,"2023-03-25 02:51:07"
AB-101651404,Alan,"Barnes ",Consumer,90036,"Los Angeles",519,"2023-03-25 02:51:07"
AB-101651406,Alan,"Barnes ",Consumer,43615,Toledo,197,"2023-03-25 02:51:07"
AB-101651408,Alan,"Barnes ",Consumer,37087,Lebanon,164,"2023-03-25 02:51:07"
AB-1016531,Alan,"Barnes ",Consumer,,"Las Tunas",2199,"2023-03-25 02:51:07"
AB-1016545,Alan,"Barnes ",Consumer,,Montreuil,2534,"2023-03-25 02:51:07"
AB-1016548,Alan,"Barnes ",Consumer,,Leipzig,2223,"2023-03-25 02:51:07"
AB-1016551,Alan,"Barnes ",Consumer,,"Villa Canales",3586,"2023-03-25 02:51:07"
AB-1016558,Alan,"Barnes ",Consumer,,Mumbai,2560,"2023-03-25 02:51:07"
AB-101657,Alan,"Barnes ",Consumer,,Newcastle,2624,"2023-03-25 02:51:07"
AB-1016582,Alan,"Barnes ",Consumer,,"Santa Catarina",3128,"2023-03-25 02:51:07"
AB-10255139,Alejandro,"Ballentine ","Home Office",,London,2289,"2023-03-25 02:51:07"
AB-102551402,Alejandro,"Ballentine ","Home Office",75023,Plano,394,"2023-03-25 02:51:07"
AB-102551404,Alejandro,"Ballentine ","Home Office",88220,Carlsbad,508,"2023-03-25 02:51:07"
AB-102551406,Alejandro,"Ballentine ","Home Office",44052,Lorain,200,"2023-03-25 02:51:07"
AB-102551408,Alejandro,"Ballentine ","Home Office",39212,Jackson,178,"2023-03-25 02:51:07"
AB-10255144,Alejandro,"Ballentine ","Home Office",,Hanoi,1786,"2023-03-25 02:51:07"
AB-1025518,Alejandro,"Ballentine ","Home Office",,Goi‚nia,1682,"2023-03-25 02:51:07"
AB-1025527,Alejandro,"Ballentine ","Home Office",,Laohekou,2193,"2023-03-25 02:51:07"
AB-1025531,Alejandro,"Ballentine ","Home Office",,HolguÌn,1838,"2023-03-25 02:51:07"
AB-1025536,Alejandro,"Ballentine ","Home Office",,"San Pedro de MacorÌs",3110,"2023-03-25 02:51:07"
AB-1025545,Alejandro,"Ballentine ","Home Office",,Narbonne,2599,"2023-03-25 02:51:07"
AB-1025548,Alejandro,"Ballentine ","Home Office",,Magdeburg,2345,"2023-03-25 02:51:07"
AB-1025558,Alejandro,"Ballentine ","Home Office",,Dewas,1430,"2023-03-25 02:51:07"
AB-1025564,Alejandro,"Ballentine ","Home Office",,Rome,2994,"2023-03-25 02:51:07"
AB-102557,Alejandro,"Ballentine ","Home Office",,"Gold Coast",1683,"2023-03-25 02:51:07"
AB-1025582,Alejandro,"Ballentine ","Home Office",,Tlaquepaque,3427,"2023-03-25 02:51:07"
AB-1025598,Alejandro,"Ballentine ","Home Office",,"Panama City",2740,"2023-03-25 02:51:07"
AB-105134,Adrian,"Barton ",Consumer,,Ankara,746,"2023-03-25 02:51:07"
AB-105137,Adrian,"Barton ",Consumer,,Vinnytsya,3608,"2023-03-25 02:51:07"
AB-10523,Adrian,"Barton ",Consumer,,Toronto,3445,"2023-03-25 02:51:07"
AB-10532,Adrian,"Barton ",Consumer,,"Usti nad Labem",3518,"2023-03-25 02:51:07"
AB-10533,Adrian,"Barton ",Consumer,,Kisangani,2094,"2023-03-25 02:51:07"
AB-10549,Adrian,"Barton ",Consumer,,Koforidua,2106,"2023-03-25 02:51:07"
AB-10600104,Ann,"Blume ",Corporate,,Amadora,718,"2023-03-25 02:51:07"
AB-10600130,Ann,"Blume ",Corporate,,Bangkok,884,"2023-03-25 02:51:07"
AB-106001402,Ann,"Blume ",Corporate,60623,Chicago,323,"2023-03-25 02:51:07"
AB-106001404,Ann,"Blume ",Corporate,85705,Tucson,499,"2023-03-25 02:51:07"
AB-106001408,Ann,"Blume ",Corporate,28540,Jacksonville,89,"2023-03-25 02:51:07"
AB-1060021,Ann,"Blume ",Corporate,,"Phnom Penh",2795,"2023-03-25 02:51:07"
AB-1060027,Ann,"Blume ",Corporate,,Baotou,890,"2023-03-25 02:51:07"
AB-1060028,Ann,"Blume ",Corporate,,Barranquilla,910,"2023-03-25 02:51:07"
AB-1060045,Ann,"Blume ",Corporate,,Pessac,2788,"2023-03-25 02:51:07"
AB-1060048,Ann,"Blume ",Corporate,,Moers,2502,"2023-03-25 02:51:07"
AB-1060051,Ann,"Blume ",Corporate,,Mixco,2496,"2023-03-25 02:51:07"
AB-1060058,Ann,"Blume ",Corporate,,Lucknow,2318,"2023-03-25 02:51:07"
AB-1060059,Ann,"Blume ",Corporate,,Banjarmasin,887,"2023-03-25 02:51:07"
AB-1060064,Ann,"Blume ",Corporate,,"Sesto San Giovanni",3184,"2023-03-25 02:51:07"
AB-106007,Ann,"Blume ",Corporate,,Canberra,1167,"2023-03-25 02:51:07"
AB-1060082,Ann,"Blume ",Corporate,,"Piedras Negras",2801,"2023-03-25 02:51:07"
AB-1060091,Ann,"Blume ",Corporate,,Zaanstad,3747,"2023-03-25 02:51:07"
AB-1060097,Ann,"Blume ",Corporate,,Lahore,2179,"2023-03-25 02:51:07"
AB-150134,Aimee,"Bixby ",Consumer,,Sincan,3236,"2023-03-25 02:51:07"
AB-150137,Aimee,"Bixby ",Consumer,,Kharkiv,2068,"2023-03-25 02:51:07"
AB-15060,Aimee,"Bixby ",Consumer,,Shiraz,3212,"2023-03-25 02:51:07"
AB-15137,Aaron,"Bergman ",Consumer,,Mykolayiv,2571,"2023-03-25 02:51:07"
AB-15146,Aaron,"Bergman ",Consumer,,Mufulira,2557,"2023-03-25 02:51:07"
AB-1522,Aaron,"Bergman ",Consumer,,Yaounde,3723,"2023-03-25 02:51:07"
AB-1560,Aaron,"Bergman ",Consumer,,Qom,2906,"2023-03-25 02:51:07"
AB-165103,Alan,"Barnes ",Consumer,,Bialystok,994,"2023-03-25 02:51:07"
AB-165134,Alan,"Barnes ",Consumer,,Izmir,1936,"2023-03-25 02:51:07"
AB-16523,Alan,"Barnes ",Consumer,,Hamilton,1778,"2023-03-25 02:51:07"
AB-16594,Alan,"Barnes ",Consumer,,Niamey,2630,"2023-03-25 02:51:07"
AB-255117,Alejandro,"Ballentine ","Home Office",,"Cape Town",1175,"2023-03-25 02:51:07"
AB-255134,Alejandro,"Ballentine ","Home Office",,Bagcilar,857,"2023-03-25 02:51:07"
AB-25523,Alejandro,"Ballentine ","Home Office",,Whitby,3664,"2023-03-25 02:51:07"
AB-25533,Alejandro,"Ballentine ","Home Office",,Kinshasa,2091,"2023-03-25 02:51:07"
AB-25549,Alejandro,"Ballentine ","Home Office",,Kumasi,2143,"2023-03-25 02:51:07"
AB-25560,Alejandro,"Ballentine ","Home Office",,Zahedan,3752,"2023-03-25 02:51:07"
AB-25586,Alejandro,"Ballentine ","Home Office",,Sale,3067,"2023-03-25 02:51:07"
AB-600103,Ann,"Blume ",Corporate,,Bytom,1124,"2023-03-25 02:51:07"
AB-600131,Ann,"Blume ",Corporate,,Lome,2287,"2023-03-25 02:51:07"
AB-60042,Ann,"Blume ",Corporate,,Tallinn,3349,"2023-03-25 02:51:07"
AB-60086,Ann,"Blume ",Corporate,,Sale,3067,"2023-03-25 02:51:07"
AC-10420102,Alyssa,"Crouse ",Corporate,,Manila,2378,"2023-03-25 02:51:07"
AC-10420120,Alyssa,"Crouse ",Corporate,,"Sant Boi de Llobregat",3126,"2023-03-25 02:51:07"
AC-10420130,Alyssa,"Crouse ",Corporate,,Bangkok,884,"2023-03-25 02:51:07"
AC-10420139,Alyssa,"Crouse ",Corporate,,Widnes,3666,"2023-03-25 02:51:07"
AC-104201402,Alyssa,"Crouse ",Corporate,77041,Houston,418,"2023-03-25 02:51:07"
AC-104201404,Alyssa,"Crouse ",Corporate,94122,"San Francisco",581,"2023-03-25 02:51:07"
AC-104201406,Alyssa,"Crouse ",Corporate,19120,Philadelphia,35,"2023-03-25 02:51:07"
AC-1042018,Alyssa,"Crouse ",Corporate,,"S„o Paulo",3026,"2023-03-25 02:51:07"
AC-1042027,Alyssa,"Crouse ",Corporate,,Guiping,1744,"2023-03-25 02:51:07"
AC-1042031,Alyssa,"Crouse ",Corporate,,"Santa Clara",3129,"2023-03-25 02:51:07"
AC-1042039,Alyssa,"Crouse ",Corporate,,Cuscatancingo,1385,"2023-03-25 02:51:07"
AC-1042045,Alyssa,"Crouse ",Corporate,,Nice,2631,"2023-03-25 02:51:07"
AC-1042048,Alyssa,"Crouse ",Corporate,,Munich,2561,"2023-03-25 02:51:07"
AC-104207,Alyssa,"Crouse ",Corporate,,Bendigo,954,"2023-03-25 02:51:07"
AC-1042082,Alyssa,"Crouse ",Corporate,,Apodaca,771,"2023-03-25 02:51:07"
AC-10450139,Amy,"Cox ",Consumer,,Exeter,1550,"2023-03-25 02:51:07"
AC-104501402,Amy,"Cox ",Consumer,55407,Minneapolis,283,"2023-03-25 02:51:07"
AC-104501404,Amy,"Cox ",Consumer,98105,Seattle,623,"2023-03-25 02:51:07"
AC-104501406,Amy,"Cox ",Consumer,10011,"New York City",3,"2023-03-25 02:51:07"
AC-104501408,Amy,"Cox ",Consumer,70506,Lafayette,365,"2023-03-25 02:51:07"
AC-10450143,Amy,"Cox ",Consumer,,Guayana,1733,"2023-03-25 02:51:07"
AC-1045036,Amy,"Cox ",Consumer,,"Santo Domingo",3146,"2023-03-25 02:51:07"
AC-1045045,Amy,"Cox ",Consumer,,Versailles,3566,"2023-03-25 02:51:07"
AC-1045048,Amy,"Cox ",Consumer,,Bochum,1032,"2023-03-25 02:51:07"
AC-1045058,Amy,"Cox ",Consumer,,Chennai,1253,"2023-03-25 02:51:07"
AC-1045059,Amy,"Cox ",Consumer,,Palu,2737,"2023-03-25 02:51:07"
AC-104507,Amy,"Cox ",Consumer,,Burnie,1115,"2023-03-25 02:51:07"
AC-10615124,Ann,"Chong ",Corporate,,Stockholm,3296,"2023-03-25 02:51:07"
AC-10615139,Ann,"Chong ",Corporate,,Dundee,1479,"2023-03-25 02:51:07"
AC-106151402,Ann,"Chong ",Corporate,77705,Beaumont,432,"2023-03-25 02:51:07"
AC-106151404,Ann,"Chong ",Corporate,98115,Seattle,624,"2023-03-25 02:51:07"
AC-106151406,Ann,"Chong ",Corporate,10009,"New York City",2,"2023-03-25 02:51:07"
AC-10615143,Ann,"Chong ",Corporate,,Petare,2791,"2023-03-25 02:51:07"
AC-1061527,Ann,"Chong ",Corporate,,Changzhou,1233,"2023-03-25 02:51:07"
AC-1061536,Ann,"Chong ",Corporate,,BanÌ,886,"2023-03-25 02:51:07"
AC-1061539,Ann,"Chong ",Corporate,,"San Salvador",3113,"2023-03-25 02:51:07"
AC-1061545,Ann,"Chong ",Corporate,,Paris,2754,"2023-03-25 02:51:07"
AC-106155,Ann,"Chong ",Corporate,,"Buenos Aires",1103,"2023-03-25 02:51:07"
AC-1061551,Ann,"Chong ",Corporate,,Chimaltenango,1274,"2023-03-25 02:51:07"
AC-1061558,Ann,"Chong ",Corporate,,Durgapur,1486,"2023-03-25 02:51:07"
AC-1061559,Ann,"Chong ",Corporate,,Tasikmalaya,3370,"2023-03-25 02:51:07"
AC-1061564,Ann,"Chong ",Corporate,,Lucca,2316,"2023-03-25 02:51:07"
AC-106157,Ann,"Chong ",Corporate,,Brisbane,1087,"2023-03-25 02:51:07"
AC-1061582,Ann,"Chong ",Corporate,,"Garza GarcÌa",1641,"2023-03-25 02:51:07"
AC-1061592,Ann,"Chong ",Corporate,,Christchurch,1293,"2023-03-25 02:51:07"
AC-10660118,Anna,"Chung ",Consumer,,Daejeon,1392,"2023-03-25 02:51:07"
AC-10660120,Anna,"Chung ",Consumer,,Barcelona,898,"2023-03-25 02:51:07"
AC-10660124,Anna,"Chung ",Consumer,,Gothenburg,1693,"2023-03-25 02:51:07"
AC-10660130,Anna,"Chung ",Consumer,,Bangkok,884,"2023-03-25 02:51:07"
AC-10660139,Anna,"Chung ",Consumer,,Chatham,1242,"2023-03-25 02:51:07"
AC-106601402,Anna,"Chung ",Consumer,77340,Huntsville,422,"2023-03-25 02:51:07"
AC-106601404,Anna,"Chung ",Consumer,94109,"San Francisco",579,"2023-03-25 02:51:07"
AC-106601406,Anna,"Chung ",Consumer,44134,Parma,204,"2023-03-25 02:51:07"
AC-10660144,Anna,"Chung ",Consumer,,"Can Tho",1165,"2023-03-25 02:51:07"
AC-1066018,Anna,"Chung ",Consumer,,"Duque de Caxias",1482,"2023-03-25 02:51:07"
AC-1066027,Anna,"Chung ",Consumer,,Changsha,1229,"2023-03-25 02:51:07"
AC-1066045,Anna,"Chung ",Consumer,,Marseille,2412,"2023-03-25 02:51:07"
AC-1066048,Anna,"Chung ",Consumer,,Berlin,977,"2023-03-25 02:51:07"
AC-1066054,Anna,"Chung ",Consumer,,Carrefour,1189,"2023-03-25 02:51:07"
AC-1066055,Anna,"Chung ",Consumer,,Tegucigalpa,3383,"2023-03-25 02:51:07"
AC-1066082,Anna,"Chung ",Consumer,,ObregÛn,2673,"2023-03-25 02:51:07"
AC-1066093,Anna,"Chung ",Consumer,,Chinandega,1277,"2023-03-25 02:51:07"
AC-420117,Alyssa,"Crouse ",Corporate,,Durban,1484,"2023-03-25 02:51:07"
AC-420134,Alyssa,"Crouse ",Corporate,,Istanbul,1918,"2023-03-25 02:51:07"
AC-42022,Alyssa,"Crouse ",Corporate,,Bafoussam,854,"2023-03-25 02:51:07"
AC-4203,Alyssa,"Crouse ",Corporate,,Algiers,704,"2023-03-25 02:51:07"
AC-42038,Alyssa,"Crouse ",Corporate,,Alexandria,702,"2023-03-25 02:51:07"
AC-42061,Alyssa,"Crouse ",Corporate,,Basra,921,"2023-03-25 02:51:07"
AC-42095,Alyssa,"Crouse ",Corporate,,Enugu,1522,"2023-03-25 02:51:07"
AC-450110,Amy,"Cox ",Consumer,,Riyadh,2981,"2023-03-25 02:51:07"
AC-450117,Amy,"Cox ",Consumer,,Newcastle,2624,"2023-03-25 02:51:07"
AC-45023,Amy,"Cox ",Consumer,,Mississauga,2494,"2023-03-25 02:51:07"
AC-45049,Amy,"Cox ",Consumer,,Accra,653,"2023-03-25 02:51:07"
AC-45068,Amy,"Cox ",Consumer,,Qostanay,2907,"2023-03-25 02:51:07"
AC-615107,Ann,"Chong ",Corporate,,Craiova,1361,"2023-03-25 02:51:07"
AC-615116,Ann,"Chong ",Corporate,,Mogadishu,2503,"2023-03-25 02:51:07"
AC-615137,Ann,"Chong ",Corporate,,Stakhanov,3289,"2023-03-25 02:51:07"
AC-61563,Ann,"Chong ",Corporate,,"Tel Aviv",3387,"2023-03-25 02:51:07"
AC-61569,Ann,"Chong ",Corporate,,Nairobi,2580,"2023-03-25 02:51:07"
AC-6158,Ann,"Chong ",Corporate,,Vienna,3575,"2023-03-25 02:51:07"
AC-61595,Ann,"Chong ",Corporate,,Bauchi,928,"2023-03-25 02:51:07"
AC-66022,Anna,"Chung ",Consumer,,Foumban,1597,"2023-03-25 02:51:07"
AC-66038,Anna,"Chung ",Consumer,,Cairo,1141,"2023-03-25 02:51:07"
AC-66061,Anna,"Chung ",Consumer,,Mosul,2547,"2023-03-25 02:51:07"
AC-66086,Anna,"Chung ",Consumer,,Berrechid,979,"2023-03-25 02:51:07"
AD-10180139,Alan,"Dominguez ","Home Office",,London,2289,"2023-03-25 02:51:07"
AD-101801402,Alan,"Dominguez ","Home Office",77041,Houston,418,"2023-03-25 02:51:07"
AD-101801404,Alan,"Dominguez ","Home Office",59405,"Great Falls",293,"2023-03-25 02:51:07"
AD-101801406,Alan,"Dominguez ","Home Office",10035,"New York City",5,"2023-03-25 02:51:07"
AD-1018018,Alan,"Dominguez ","Home Office",,Manaus,2373,"2023-03-25 02:51:07"
AD-1018027,Alan,"Dominguez ","Home Office",,Qingdao,2903,"2023-03-25 02:51:07"
AD-1018031,Alan,"Dominguez ","Home Office",,Bayamo,929,"2023-03-25 02:51:07"
AD-1018045,Alan,"Dominguez ","Home Office",,Chartres,1241,"2023-03-25 02:51:07"
AD-1018048,Alan,"Dominguez ","Home Office",,Berlin,977,"2023-03-25 02:51:07"
AD-101805,Alan,"Dominguez ","Home Office",,"San Justo",3100,"2023-03-25 02:51:07"
AD-1018058,Alan,"Dominguez ","Home Office",,Delhi,1415,"2023-03-25 02:51:07"
AD-1018059,Alan,"Dominguez ","Home Office",,Jakarta,1943,"2023-03-25 02:51:07"
AD-1018066,Alan,"Dominguez ","Home Office",,Tokyo,3432,"2023-03-25 02:51:07"
AD-101807,Alan,"Dominguez ","Home Office",,Perth,2782,"2023-03-25 02:51:07"
AD-1018082,Alan,"Dominguez ","Home Office",,"San Francisco del RincÛn",3092,"2023-03-25 02:51:07"
AD-1018092,Alan,"Dominguez ","Home Office",,Auckland,831,"2023-03-25 02:51:07"
AD-180134,Alan,"Dominguez ","Home Office",,Elazig,1511,"2023-03-25 02:51:07"
AD-18038,Alan,"Dominguez ","Home Office",,Cairo,1141,"2023-03-25 02:51:07"
AF-10870102,Art,"Ferguson ",Consumer,,Manila,2378,"2023-03-25 02:51:07"
AF-10870118,Art,"Ferguson ",Consumer,,Busan,1119,"2023-03-25 02:51:07"
AF-1087012,Art,"Ferguson ",Consumer,,Bridgetown,1083,"2023-03-25 02:51:07"
AF-10870120,Art,"Ferguson ",Consumer,,Seville,3189,"2023-03-25 02:51:07"
AF-1087014,Art,"Ferguson ",Consumer,,Ghent,1666,"2023-03-25 02:51:07"
AF-108701402,Art,"Ferguson ",Consumer,77840,"College Station",434,"2023-03-25 02:51:07"
AF-108701404,Art,"Ferguson ",Consumer,94109,"San Francisco",579,"2023-03-25 02:51:07"
AF-108701406,Art,"Ferguson ",Consumer,7055,Passaic,367,"2023-03-25 02:51:07"
AF-108701408,Art,"Ferguson ",Consumer,33030,Homestead,131,"2023-03-25 02:51:07"
AF-10870144,Art,"Ferguson ",Consumer,,Hanoi,1786,"2023-03-25 02:51:07"
AF-1087018,Art,"Ferguson ",Consumer,,Paranagu·,2750,"2023-03-25 02:51:07"
AF-1087026,Art,"Ferguson ",Consumer,,"Puente Alto",2884,"2023-03-25 02:51:07"
AF-1087027,Art,"Ferguson ",Consumer,,Tangshan,3357,"2023-03-25 02:51:07"
AF-1087028,Art,"Ferguson ",Consumer,,Bogot·,1036,"2023-03-25 02:51:07"
AF-1087031,Art,"Ferguson ",Consumer,,"Santa Clara",3129,"2023-03-25 02:51:07"
AF-1087034,Art,"Ferguson ",Consumer,,Copenhagen,1340,"2023-03-25 02:51:07"
AF-1087045,Art,"Ferguson ",Consumer,,Boulogne-Billancourt,1059,"2023-03-25 02:51:07"
AF-1087048,Art,"Ferguson ",Consumer,,Dortmund,1459,"2023-03-25 02:51:07"
AF-1087051,Art,"Ferguson ",Consumer,,Mixco,2496,"2023-03-25 02:51:07"
AF-1087055,Art,"Ferguson ",Consumer,,Tegucigalpa,3383,"2023-03-25 02:51:07"
AF-1087058,Art,"Ferguson ",Consumer,,Aurangabad,834,"2023-03-25 02:51:07"
AF-1087059,Art,"Ferguson ",Consumer,,Medan,2447,"2023-03-25 02:51:07"
AF-1087064,Art,"Ferguson ",Consumer,,Palermo,2728,"2023-03-25 02:51:07"
AF-108707,Art,"Ferguson ",Consumer,,Albany,696,"2023-03-25 02:51:07"
AF-1087082,Art,"Ferguson ",Consumer,,"Mexico City",2474,"2023-03-25 02:51:07"
AF-1087092,Art,"Ferguson ",Consumer,,"Manukau City",2386,"2023-03-25 02:51:07"
AF-1087097,Art,"Ferguson ",Consumer,,Hyderabad,1867,"2023-03-25 02:51:07"
AF-10885102,Art,"Foster ",Consumer,,Manila,2378,"2023-03-25 02:51:07"
AF-10885139,Art,"Foster ",Consumer,,London,2289,"2023-03-25 02:51:07"
AF-108851406,Art,"Foster ",Consumer,43615,Toledo,197,"2023-03-25 02:51:07"
AF-108851408,Art,"Foster ",Consumer,40214,Louisville,181,"2023-03-25 02:51:07"
AF-10885144,Art,"Foster ",Consumer,,Hanoi,1786,"2023-03-25 02:51:07"
AF-1088527,Art,"Foster ",Consumer,,Datong,1408,"2023-03-25 02:51:07"
AF-1088531,Art,"Foster ",Consumer,,Guant·namo,1723,"2023-03-25 02:51:07"
AF-1088536,Art,"Foster ",Consumer,,"Santiago de los Caballeros",3143,"2023-03-25 02:51:07"
AF-1088545,Art,"Foster ",Consumer,,Vallauris,3533,"2023-03-25 02:51:07"
AF-1088548,Art,"Foster ",Consumer,,Leipzig,2223,"2023-03-25 02:51:07"
AF-108855,Art,"Foster ",Consumer,,Salta,3073,"2023-03-25 02:51:07"
AF-1088558,Art,"Foster ",Consumer,,Salem,3068,"2023-03-25 02:51:07"
AF-1088559,Art,"Foster ",Consumer,,Surabaya,3317,"2023-03-25 02:51:07"
AF-1088564,Art,"Foster ",Consumer,,Brindisi,1086,"2023-03-25 02:51:07"
AF-108857,Art,"Foster ",Consumer,,Newcastle,2624,"2023-03-25 02:51:07"
AF-108858,Art,"Foster ",Consumer,,Innsbruck,1898,"2023-03-25 02:51:07"
AF-1088580,Art,"Foster ",Consumer,,Fort-de-France,1594,"2023-03-25 02:51:07"
AF-1088582,Art,"Foster ",Consumer,,Chihuahua,1269,"2023-03-25 02:51:07"
AF-1088591,Art,"Foster ",Consumer,,Dordrecht,1456,"2023-03-25 02:51:07"
AF-870129,Art,"Ferguson ",Consumer,,Moshi,2543,"2023-03-25 02:51:07"
AF-87013,Art,"Ferguson ",Consumer,,Hrodna,1846,"2023-03-25 02:51:07"
AF-87023,Art,"Ferguson ",Consumer,,Peterborough,2792,"2023-03-25 02:51:07"
AF-87033,Art,"Ferguson ",Consumer,,Bukavu,1105,"2023-03-25 02:51:07"
AF-87038,Art,"Ferguson ",Consumer,,Cairo,1141,"2023-03-25 02:51:07"
AF-87060,Art,"Ferguson ",Consumer,,Mashhad,2418,"2023-03-25 02:51:07"
AF-87061,Art,"Ferguson ",Consumer,,Basra,921,"2023-03-25 02:51:07"
AF-87068,Art,"Ferguson ",Consumer,,Taraz,3361,"2023-03-25 02:51:07"
AF-885107,Art,"Foster ",Consumer,,Buzau,1123,"2023-03-25 02:51:07"
AF-88533,Art,"Foster ",Consumer,,Kinshasa,2091,"2023-03-25 02:51:07"
AG-10270139,Alejandro,"Grove ",Consumer,,Gateshead,1643,"2023-03-25 02:51:07"
AG-102701402,Alejandro,"Grove ",Consumer,68104,Omaha,355,"2023-03-25 02:51:07"
AG-102701404,Alejandro,"Grove ",Consumer,84084,"West Jordan",483,"2023-03-25 02:51:07"
AG-102701406,Alejandro,"Grove ",Consumer,19120,Philadelphia,35,"2023-03-25 02:51:07"
AG-10270144,Alejandro,"Grove ",Consumer,,"Rach Gia",2924,"2023-03-25 02:51:07"
AG-1027018,Alejandro,"Grove ",Consumer,,"Porto Alegre",2858,"2023-03-25 02:51:07"
AG-1027027,Alejandro,"Grove ",Consumer,,Yancheng,3715,"2023-03-25 02:51:07"
AG-1027031,Alejandro,"Grove ",Consumer,,HolguÌn,1838,"2023-03-25 02:51:07"
AG-1027039,Alejandro,"Grove ",Consumer,,"San Salvador",3113,"2023-03-25 02:51:07"
AG-1027045,Alejandro,"Grove ",Consumer,,Mulhouse,2558,"2023-03-25 02:51:07"
AG-1027048,Alejandro,"Grove ",Consumer,,Chemnitz,1250,"2023-03-25 02:51:07"
AG-102705,Alejandro,"Grove ",Consumer,,"San Juan",3097,"2023-03-25 02:51:07"
AG-1027051,Alejandro,"Grove ",Consumer,,"Villa Nueva",3588,"2023-03-25 02:51:07"
AG-1027055,Alejandro,"Grove ",Consumer,,"San Pedro Sula",3111,"2023-03-25 02:51:07"
AG-1027058,Alejandro,"Grove ",Consumer,,Warangal,3638,"2023-03-25 02:51:07"
AG-102708,Alejandro,"Grove ",Consumer,,Vienna,3575,"2023-03-25 02:51:07"
AG-1027082,Alejandro,"Grove ",Consumer,,Tlalnepantla,3425,"2023-03-25 02:51:07"
AG-1027092,Alejandro,"Grove ",Consumer,,Whangarei,3663,"2023-03-25 02:51:07"
AG-1027093,Alejandro,"Grove ",Consumer,,LeÛn,2237,"2023-03-25 02:51:07"
AG-10300139,Aleksandra,"Gannaway ",Corporate,,Halesowen,1769,"2023-03-25 02:51:07"
AG-103001404,Aleksandra,"Gannaway ",Corporate,90049,"Los Angeles",521,"2023-03-25 02:51:07"
AG-103001406,Aleksandra,"Gannaway ",Corporate,2038,Franklin,45,"2023-03-25 02:51:07"
AG-1030018,Aleksandra,"Gannaway ",Corporate,,"Pontes e Lacerda",2842,"2023-03-25 02:51:07"
AG-1030027,Aleksandra,"Gannaway ",Corporate,,Shaoxing,3202,"2023-03-25 02:51:07"
AG-1030036,Aleksandra,"Gannaway ",Corporate,,"Santo Domingo",3146,"2023-03-25 02:51:07"
AG-1030045,Aleksandra,"Gannaway ",Corporate,,Frontignan,1611,"2023-03-25 02:51:07"
AG-1030055,Aleksandra,"Gannaway ",Corporate,,Tegucigalpa,3383,"2023-03-25 02:51:07"
AG-1030059,Aleksandra,"Gannaway ",Corporate,,Bandung,882,"2023-03-25 02:51:07"
AG-1030064,Aleksandra,"Gannaway ",Corporate,,Trieste,3471,"2023-03-25 02:51:07"
AG-103007,Aleksandra,"Gannaway ",Corporate,,Adelaide,660,"2023-03-25 02:51:07"
AG-1030082,Aleksandra,"Gannaway ",Corporate,,Ju·rez,1994,"2023-03-25 02:51:07"
AG-1030092,Aleksandra,"Gannaway ",Corporate,,Auckland,831,"2023-03-25 02:51:07"
AG-1030093,Aleksandra,"Gannaway ",Corporate,,EstelÌ,1542,"2023-03-25 02:51:07"
AG-1030096,Aleksandra,"Gannaway ",Corporate,,Oslo,2703,"2023-03-25 02:51:07"
AG-1030098,Aleksandra,"Gannaway ",Corporate,,"La Chorrera",2159,"2023-03-25 02:51:07"
AG-10330102,Alex,"Grayson ",Consumer,,Cainta,1139,"2023-03-25 02:51:07"
AG-1033012,Alex,"Grayson ",Consumer,,Bridgetown,1083,"2023-03-25 02:51:07"
AG-10330139,Alex,"Grayson ",Consumer,,Eastbourne,1492,"2023-03-25 02:51:07"
AG-103301402,Alex,"Grayson ",Consumer,74133,Tulsa,388,"2023-03-25 02:51:07"
AG-103301404,Alex,"Grayson ",Consumer,95207,Stockton,594,"2023-03-25 02:51:07"
AG-103301408,Alex,"Grayson ",Consumer,28205,Charlotte,86,"2023-03-25 02:51:07"
AG-10330143,Alex,"Grayson ",Consumer,,Maracaibo,2391,"2023-03-25 02:51:07"
AG-1033018,Alex,"Grayson ",Consumer,,"JosÈ Bonif·cio",1993,"2023-03-25 02:51:07"
AG-1033027,Alex,"Grayson ",Consumer,,Weifang,3649,"2023-03-25 02:51:07"
AG-1033028,Alex,"Grayson ",Consumer,,Soledad,3257,"2023-03-25 02:51:07"
AG-1033031,Alex,"Grayson ",Consumer,,Cienfuegos,1298,"2023-03-25 02:51:07"
AG-1033044,Alex,"Grayson ",Consumer,,Turku,3486,"2023-03-25 02:51:07"
AG-1033045,Alex,"Grayson ",Consumer,,Nanterre,2593,"2023-03-25 02:51:07"
AG-1033048,Alex,"Grayson ",Consumer,,Reutlingen,2963,"2023-03-25 02:51:07"
AG-1033054,Alex,"Grayson ",Consumer,,GonaÔves,1686,"2023-03-25 02:51:07"
AG-1033055,Alex,"Grayson ",Consumer,,Tegucigalpa,3383,"2023-03-25 02:51:07"
AG-1033059,Alex,"Grayson ",Consumer,,Jambi,1946,"2023-03-25 02:51:07"
AG-1033064,Alex,"Grayson ",Consumer,,Naples,2598,"2023-03-25 02:51:07"
AG-103307,Alex,"Grayson ",Consumer,,Adelaide,660,"2023-03-25 02:51:07"
AG-1033082,Alex,"Grayson ",Consumer,,Durango,1483,"2023-03-25 02:51:07"
AG-1033092,Alex,"Grayson ",Consumer,,"New Plymouth",2623,"2023-03-25 02:51:07"
AG-103901404,Allen,"Goldenen ",Consumer,90004,"Los Angeles",516,"2023-03-25 02:51:07"
AG-103901406,Allen,"Goldenen ",Consumer,45231,Cincinnati,212,"2023-03-25 02:51:07"
AG-103901408,Allen,"Goldenen ",Consumer,37918,Knoxville,171,"2023-03-25 02:51:07"
AG-1039018,Allen,"Goldenen ",Consumer,,Mau·,2435,"2023-03-25 02:51:07"
AG-1039031,Allen,"Goldenen ",Consumer,,Artemisa,807,"2023-03-25 02:51:07"
AG-1039036,Allen,"Goldenen ",Consumer,,"Santo Domingo",3146,"2023-03-25 02:51:07"
AG-1039045,Allen,"Goldenen ",Consumer,,Saint-Ouen,3058,"2023-03-25 02:51:07"
AG-1039051,Allen,"Goldenen ",Consumer,,Escuintla,1535,"2023-03-25 02:51:07"
AG-103907,Allen,"Goldenen ",Consumer,,Gawler,1645,"2023-03-25 02:51:07"
AG-1039080,Allen,"Goldenen ",Consumer,,Fort-de-France,1594,"2023-03-25 02:51:07"
AG-1039082,Allen,"Goldenen ",Consumer,,"Mexico City",2474,"2023-03-25 02:51:07"
AG-1039091,Allen,"Goldenen ",Consumer,,Rotterdam,3006,"2023-03-25 02:51:07"
AG-10495102,Andrew,"Gjertsen ",Corporate,,Manila,2378,"2023-03-25 02:51:07"
AG-104951402,Andrew,"Gjertsen ",Corporate,77041,Houston,418,"2023-03-25 02:51:07"
AG-104951404,Andrew,"Gjertsen ",Corporate,98105,Seattle,623,"2023-03-25 02:51:07"
AG-104951406,Andrew,"Gjertsen ",Corporate,19140,Philadelphia,37,"2023-03-25 02:51:07"
AG-104951408,Andrew,"Gjertsen ",Corporate,22304,Alexandria,60,"2023-03-25 02:51:07"
AG-1049527,Andrew,"Gjertsen ",Corporate,,Xiangtan,3694,"2023-03-25 02:51:07"
AG-1049545,Andrew,"Gjertsen ",Corporate,,Guyancourt,1756,"2023-03-25 02:51:07"
AG-1049548,Andrew,"Gjertsen ",Corporate,,Pforzheim,2794,"2023-03-25 02:51:07"
AG-1049551,Andrew,"Gjertsen ",Corporate,,Petapa,2790,"2023-03-25 02:51:07"
AG-1049554,Andrew,"Gjertsen ",Corporate,,Carrefour,1189,"2023-03-25 02:51:07"
AG-1049558,Andrew,"Gjertsen ",Corporate,,Ludhiana,2319,"2023-03-25 02:51:07"
AG-1049559,Andrew,"Gjertsen ",Corporate,,Pekalongan,2772,"2023-03-25 02:51:07"
AG-1049564,Andrew,"Gjertsen ",Corporate,,Cosenza,1349,"2023-03-25 02:51:07"
AG-104957,Andrew,"Gjertsen ",Corporate,,Perth,2782,"2023-03-25 02:51:07"
AG-1049582,Andrew,"Gjertsen ",Corporate,,Tlalpan,3426,"2023-03-25 02:51:07"
AG-1049593,Andrew,"Gjertsen ",Corporate,,Managua,2372,"2023-03-25 02:51:07"
AG-1049597,Andrew,"Gjertsen ",Corporate,,Hyderabad,1867,"2023-03-25 02:51:07"
AG-1052511,Andy,"Gerbode ",Corporate,,Chittagong,1284,"2023-03-25 02:51:07"
AG-10525139,Andy,"Gerbode ",Corporate,,Portsmouth,2861,"2023-03-25 02:51:07"
AG-105251402,Andy,"Gerbode ",Corporate,77095,Houston,420,"2023-03-25 02:51:07"
AG-105251406,Andy,"Gerbode ",Corporate,10011,"New York City",3,"2023-03-25 02:51:07"
AG-105251408,Andy,"Gerbode ",Corporate,33710,"Saint Petersburg",149,"2023-03-25 02:51:07"
AG-1052518,Andy,"Gerbode ",Corporate,,MaceiÛ,2339,"2023-03-25 02:51:07"
AG-1052536,Andy,"Gerbode ",Corporate,,"Santo Domingo",3146,"2023-03-25 02:51:07"
AG-1052539,Andy,"Gerbode ",Corporate,,Ilopango,1889,"2023-03-25 02:51:07"
AG-1052545,Andy,"Gerbode ",Corporate,,Paris,2754,"2023-03-25 02:51:07"
AG-1052548,Andy,"Gerbode ",Corporate,,Bielefeld,997,"2023-03-25 02:51:07"
AG-1052555,Andy,"Gerbode ",Corporate,,"San Pedro Sula",3111,"2023-03-25 02:51:07"
AG-1052558,Andy,"Gerbode ",Corporate,,Nellore,2611,"2023-03-25 02:51:07"
AG-1052564,Andy,"Gerbode ",Corporate,,Teramo,3393,"2023-03-25 02:51:07"
AG-1052582,Andy,"Gerbode ",Corporate,,Irapuato,1907,"2023-03-25 02:51:07"
AG-1052597,Andy,"Gerbode ",Corporate,,Lahore,2179,"2023-03-25 02:51:07"
AG-10675102,Anna,"Gayman ",Consumer,,Bacoor,849,"2023-03-25 02:51:07"
AG-10675120,Anna,"Gayman ",Consumer,,Barcelona,898,"2023-03-25 02:51:07"
AG-10675139,Anna,"Gayman ",Consumer,,Sheffield,3204,"2023-03-25 02:51:07"
AG-106751402,Anna,"Gayman ",Consumer,77036,Houston,417,"2023-03-25 02:51:07"
AG-106751408,Anna,"Gayman ",Consumer,28540,Jacksonville,89,"2023-03-25 02:51:07"
AG-1067518,Anna,"Gayman ",Consumer,,Lins,2268,"2023-03-25 02:51:07"
AG-1067545,Anna,"Gayman ",Consumer,,Mougins,2548,"2023-03-25 02:51:07"
AG-1067555,Anna,"Gayman ",Consumer,,Tegucigalpa,3383,"2023-03-25 02:51:07"
AG-1067564,Anna,"Gayman ",Consumer,,Viterbo,3613,"2023-03-25 02:51:07"
AG-106757,Anna,"Gayman ",Consumer,,Canberra,1167,"2023-03-25 02:51:07"
AG-1067591,Anna,"Gayman ",Consumer,,Amsterdam,732,"2023-03-25 02:51:07"
AG-1067598,Anna,"Gayman ",Consumer,,"Panama City",2740,"2023-03-25 02:51:07"
AG-10765139,Anthony,"Garverick ","Home Office",,Leicester,2221,"2023-03-25 02:51:07"
AG-107651402,Anthony,"Garverick ","Home Office",60623,Chicago,323,"2023-03-25 02:51:07"
AG-107651406,Anthony,"Garverick ","Home Office",19120,Philadelphia,35,"2023-03-25 02:51:07"
AG-107651408,Anthony,"Garverick ","Home Office",23666,Hampton,69,"2023-03-25 02:51:07"
AG-10765141,Anthony,"Garverick ","Home Office",,Montevideo,2527,"2023-03-25 02:51:07"
AG-1076518,Anthony,"Garverick ","Home Office",,Franca,1598,"2023-03-25 02:51:07"
AG-1076527,Anthony,"Garverick ","Home Office",,Xinzhou,3707,"2023-03-25 02:51:07"
AG-1076536,Anthony,"Garverick ","Home Office",,"Santo Domingo",3146,"2023-03-25 02:51:07"
AG-1076539,Anthony,"Garverick ","Home Office",,Ilopango,1889,"2023-03-25 02:51:07"
AG-1076545,Anthony,"Garverick ","Home Office",,Angers,743,"2023-03-25 02:51:07"
AG-1076548,Anthony,"Garverick ","Home Office",,Kerpen,2066,"2023-03-25 02:51:07"
AG-1076555,Anthony,"Garverick ","Home Office",,"San Pedro Sula",3111,"2023-03-25 02:51:07"
AG-1076558,Anthony,"Garverick ","Home Office",,Mumbai,2560,"2023-03-25 02:51:07"
AG-1076559,Anthony,"Garverick ","Home Office",,Malang,2361,"2023-03-25 02:51:07"
AG-1076564,Anthony,"Garverick ","Home Office",,Marsala,2411,"2023-03-25 02:51:07"
AG-107658,Anthony,"Garverick ","Home Office",,Vienna,3575,"2023-03-25 02:51:07"
AG-1076582,Anthony,"Garverick ","Home Office",,Zapopan,3757,"2023-03-25 02:51:07"
AG-1076593,Anthony,"Garverick ","Home Office",,LeÛn,2237,"2023-03-25 02:51:07"
AG-1076598,Anthony,"Garverick ","Home Office",,Arraij·n,804,"2023-03-25 02:51:07"
AG-10900102,Arthur,"Gainer ",Consumer,,Pasig,2757,"2023-03-25 02:51:07"
AG-10900113,Arthur,"Gainer ",Consumer,,Singapore,3238,"2023-03-25 02:51:07"
AG-10900120,Arthur,"Gainer ",Consumer,,Madrid,2343,"2023-03-25 02:51:07"
AG-109001402,Arthur,"Gainer ",Consumer,75217,Dallas,404,"2023-03-25 02:51:07"
AG-109001404,Arthur,"Gainer ",Consumer,85705,Tucson,499,"2023-03-25 02:51:07"
AG-109001406,Arthur,"Gainer ",Consumer,6708,Waterbury,351,"2023-03-25 02:51:07"
AG-109001408,Arthur,"Gainer ",Consumer,23223,Richmond,64,"2023-03-25 02:51:07"
AG-1090018,Arthur,"Gainer ",Consumer,,"Jo„o Pessoa",1988,"2023-03-25 02:51:07"
AG-1090045,Arthur,"Gainer ",Consumer,,Drancy,1467,"2023-03-25 02:51:07"
AG-1090048,Arthur,"Gainer ",Consumer,,Iserlohn,1912,"2023-03-25 02:51:07"
AG-1090058,Arthur,"Gainer ",Consumer,,Pune,2891,"2023-03-25 02:51:07"
AG-1090064,Arthur,"Gainer ",Consumer,,Novara,2660,"2023-03-25 02:51:07"
AG-109007,Arthur,"Gainer ",Consumer,,Sydney,3327,"2023-03-25 02:51:07"
AG-1090082,Arthur,"Gainer ",Consumer,,"Mexico City",2474,"2023-03-25 02:51:07"
AG-1090092,Arthur,"Gainer ",Consumer,,Papakura,2745,"2023-03-25 02:51:07"
AG-1090093,Arthur,"Gainer ",Consumer,,LeÛn,2237,"2023-03-25 02:51:07"
AG-270134,Alejandro,"Grove ",Consumer,,Sanliurfa,3123,"2023-03-25 02:51:07"
AG-27022,Alejandro,"Grove ",Consumer,,Bertoua,980,"2023-03-25 02:51:07"
AG-27023,Alejandro,"Grove ",Consumer,,Abbotsford,642,"2023-03-25 02:51:07"
AG-27032,Alejandro,"Grove ",Consumer,,Prague,2871,"2023-03-25 02:51:07"
AG-27049,Alejandro,"Grove ",Consumer,,Tamale,3350,"2023-03-25 02:51:07"
AG-27086,Alejandro,"Grove ",Consumer,,Sale,3067,"2023-03-25 02:51:07"
AG-27087,Alejandro,"Grove ",Consumer,,Maputo,2389,"2023-03-25 02:51:07"
AG-300108,Aleksandra,"Gannaway ",Corporate,,Makhachkala,2357,"2023-03-25 02:51:07"
AG-300134,Aleksandra,"Gannaway ",Corporate,,Istanbul,1918,"2023-03-25 02:51:07"
AG-30067,Aleksandra,"Gannaway ",Corporate,,"Wadi as Sir",3630,"2023-03-25 02:51:07"
AG-30087,Aleksandra,"Gannaway ",Corporate,,Matola,2429,"2023-03-25 02:51:07"
AG-30095,Aleksandra,"Gannaway ",Corporate,,Lagos,2177,"2023-03-25 02:51:07"
AG-330110,Alex,"Grayson ",Consumer,,Jeddah,1956,"2023-03-25 02:51:07"
AG-330122,Alex,"Grayson ",Consumer,,Kassala,2044,"2023-03-25 02:51:07"
AG-330129,Alex,"Grayson ",Consumer,,"Dar es Salaam",1400,"2023-03-25 02:51:07"
AG-33086,Alex,"Grayson ",Consumer,,Tetouan,3400,"2023-03-25 02:51:07"
AG-33095,Alex,"Grayson ",Consumer,,Owo,2716,"2023-03-25 02:51:07"
AG-390109,Allen,"Goldenen ",Consumer,,Gitarama,1673,"2023-03-25 02:51:07"
AG-390134,Allen,"Goldenen ",Consumer,,Kayseri,2058,"2023-03-25 02:51:07"
AG-390136,Allen,"Goldenen ",Consumer,,Gulu,1749,"2023-03-25 02:51:07"
AG-39032,Allen,"Goldenen ",Consumer,,Prague,2871,"2023-03-25 02:51:07"
AG-495103,Andrew,"Gjertsen ",Corporate,,Bielsko-Biala,998,"2023-03-25 02:51:07"
AG-495111,Andrew,"Gjertsen ",Corporate,,Dakar,1393,"2023-03-25 02:51:07"
AG-495117,Andrew,"Gjertsen ",Corporate,,"Cape Town",1175,"2023-03-25 02:51:07"
AG-495134,Andrew,"Gjertsen ",Corporate,,Tarsus,3367,"2023-03-25 02:51:07"
AG-49523,Andrew,"Gjertsen ",Corporate,,Oakville,2670,"2023-03-25 02:51:07"
AG-49561,Andrew,"Gjertsen ",Corporate,,Basra,921,"2023-03-25 02:51:07"
AG-4958,Andrew,"Gjertsen ",Corporate,,Vienna,3575,"2023-03-25 02:51:07"
AG-49589,Andrew,"Gjertsen ",Corporate,,Windhoek,3671,"2023-03-25 02:51:07"
AG-525117,Andy,"Gerbode ",Corporate,,"East London",1491,"2023-03-25 02:51:07"
AG-525129,Andy,"Gerbode ",Corporate,,Mbinga,2442,"2023-03-25 02:51:07"
AG-52533,Andy,"Gerbode ",Corporate,,Kinshasa,2091,"2023-03-25 02:51:07"
AG-52560,Andy,"Gerbode ",Corporate,,Ardabil,790,"2023-03-25 02:51:07"
AG-52569,Andy,"Gerbode ",Corporate,,Mombasa,2509,"2023-03-25 02:51:07"
AG-52595,Andy,"Gerbode ",Corporate,,Kano,2028,"2023-03-25 02:51:07"
AG-675108,Anna,"Gayman ",Consumer,,Ivanovo,1932,"2023-03-25 02:51:07"
AG-675111,Anna,"Gayman ",Consumer,,Dakar,1393,"2023-03-25 02:51:07"
AG-675117,Anna,"Gayman ",Consumer,,Johannesburg,1990,"2023-03-25 02:51:07"
AG-675134,Anna,"Gayman ",Consumer,,Istanbul,1918,"2023-03-25 02:51:07"
AG-675136,Anna,"Gayman ",Consumer,,Kampala,2023,"2023-03-25 02:51:07"
AG-675137,Anna,"Gayman ",Consumer,,Khmel'nyts'kyy,2074,"2023-03-25 02:51:07"
AG-6758,Anna,"Gayman ",Consumer,,Vienna,3575,"2023-03-25 02:51:07"
AG-67587,Anna,"Gayman ",Consumer,,Quelimane,2913,"2023-03-25 02:51:07"
AG-67595,Anna,"Gayman ",Consumer,,"Ikot Ekpene",1883,"2023-03-25 02:51:07"
AG-765134,Anthony,"Garverick ","Home Office",,Istanbul,1918,"2023-03-25 02:51:07"
AG-76522,Anthony,"Garverick ","Home Office",,Ngaoundere,2627,"2023-03-25 02:51:07"
AG-7653,Anthony,"Garverick ","Home Office",,Mostaganem,2546,"2023-03-25 02:51:07"
AG-7658,Anthony,"Garverick ","Home Office",,Vienna,3575,"2023-03-25 02:51:07"
AG-76595,Anthony,"Garverick ","Home Office",,Sapele,3150,"2023-03-25 02:51:07"
AG-88888148,Aleksandra,"Gannaway ",Corporate,,Athens,825,"2023-03-25 02:51:07"
AG-900129,Arthur,"Gainer ",Consumer,,"Dar es Salaam",1400,"2023-03-25 02:51:07"
AG-90086,Arthur,"Gainer ",Consumer,,Sale,3067,"2023-03-25 02:51:07"
AG-90095,Arthur,"Gainer ",Consumer,,Kano,2028,"2023-03-25 02:51:07"
AH-10030102,Aaron,"Hawkins ",Corporate,,Manila,2378,"2023-03-25 02:51:07"
AH-10030103,Aaron,"Hawkins ",Corporate,,Gdansk,1649,"2023-03-25 02:51:07"
AH-10030137,Aaron,"Hawkins ",Corporate,,"Kryvyy Rih",2133,"2023-03-25 02:51:07"
AH-10030139,Aaron,"Hawkins ",Corporate,,Sheffield,3204,"2023-03-25 02:51:07"
AH-1003014,Aaron,"Hawkins ",Corporate,,Ghent,1666,"2023-03-25 02:51:07"
AH-100301404,Aaron,"Hawkins ",Corporate,90004,"Los Angeles",516,"2023-03-25 02:51:07"
AH-100301406,Aaron,"Hawkins ",Corporate,19134,Philadelphia,36,"2023-03-25 02:51:07"
AH-100301408,Aaron,"Hawkins ",Corporate,39503,Gulfport,180,"2023-03-25 02:51:07"
AH-1003019,Aaron,"Hawkins ",Corporate,,Pazardzhik,2770,"2023-03-25 02:51:07"
AH-1003027,Aaron,"Hawkins ",Corporate,,Chongqing,1291,"2023-03-25 02:51:07"
AH-1003033,Aaron,"Hawkins ",Corporate,,Kamina,2022,"2023-03-25 02:51:07"
AH-1003036,Aaron,"Hawkins ",Corporate,,"Santiago de los Caballeros",3143,"2023-03-25 02:51:07"
AH-1003039,Aaron,"Hawkins ",Corporate,,"San Salvador",3113,"2023-03-25 02:51:07"
AH-1003045,Aaron,"Hawkins ",Corporate,,Strasbourg,3303,"2023-03-25 02:51:07"
AH-1003048,Aaron,"Hawkins ",Corporate,,Solingen,3260,"2023-03-25 02:51:07"
AH-100305,Aaron,"Hawkins ",Corporate,,"San Luis",3102,"2023-03-25 02:51:07"
AH-1003051,Aaron,"Hawkins ",Corporate,,Huehuetenango,1860,"2023-03-25 02:51:07"
AH-1003058,Aaron,"Hawkins ",Corporate,,Warangal,3638,"2023-03-25 02:51:07"
AH-1003059,Aaron,"Hawkins ",Corporate,,Jakarta,1943,"2023-03-25 02:51:07"
AH-1003066,Aaron,"Hawkins ",Corporate,,Yokkaichi,3735,"2023-03-25 02:51:07"
AH-1003069,Aaron,"Hawkins ",Corporate,,Nakuru,2583,"2023-03-25 02:51:07"
AH-100308,Aaron,"Hawkins ",Corporate,,Vienna,3575,"2023-03-25 02:51:07"
AH-1003082,Aaron,"Hawkins ",Corporate,,Saltillo,3074,"2023-03-25 02:51:07"
AH-1003095,Aaron,"Hawkins ",Corporate,,"Port Harcourt",2851,"2023-03-25 02:51:07"
AH-10075117,Adam,"Hart ",Corporate,,"Port Elizabeth",2850,"2023-03-25 02:51:07"
AH-1007512,Adam,"Hart ",Corporate,,Bridgetown,1083,"2023-03-25 02:51:07"
AH-10075139,Adam,"Hart ",Corporate,,Nottingham,2657,"2023-03-25 02:51:07"
AH-1007514,Adam,"Hart ",Corporate,,Namur,2588,"2023-03-25 02:51:07"
AH-100751402,Adam,"Hart ",Corporate,76017,Arlington,407,"2023-03-25 02:51:07"
AH-100751404,Adam,"Hart ",Corporate,89015,Henderson,510,"2023-03-25 02:51:07"
AH-100751406,Adam,"Hart ",Corporate,10011,"New York City",3,"2023-03-25 02:51:07"
AH-100751408,Adam,"Hart ",Corporate,30318,Atlanta,106,"2023-03-25 02:51:07"
AH-1007518,Adam,"Hart ",Corporate,,Quixad·,2922,"2023-03-25 02:51:07"
AH-1007522,Adam,"Hart ",Corporate,,Garoua,1640,"2023-03-25 02:51:07"
AH-1007523,Adam,"Hart ",Corporate,,Oakville,2670,"2023-03-25 02:51:07"
AH-1007527,Adam,"Hart ",Corporate,,Lianyuan,2242,"2023-03-25 02:51:07"
AH-100753,Adam,"Hart ",Corporate,,Oran,2690,"2023-03-25 02:51:07"
AH-1007545,Adam,"Hart ",Corporate,,Brest,1082,"2023-03-25 02:51:07"
AH-1007555,Adam,"Hart ",Corporate,,Tegucigalpa,3383,"2023-03-25 02:51:07"
AH-1007558,Adam,"Hart ",Corporate,,Gorakhpur,1689,"2023-03-25 02:51:07"
AH-1007559,Adam,"Hart ",Corporate,,Bandung,882,"2023-03-25 02:51:07"
AH-1007560,Adam,"Hart ",Corporate,,Aligudarz,708,"2023-03-25 02:51:07"
AH-1007564,Adam,"Hart ",Corporate,,Aprilia,773,"2023-03-25 02:51:07"
AH-100757,Adam,"Hart ",Corporate,,Geelong,1652,"2023-03-25 02:51:07"
AH-1007582,Adam,"Hart ",Corporate,,Azcapotzalco,845,"2023-03-25 02:51:07"
AH-1007586,Adam,"Hart ",Corporate,,Fes,1570,"2023-03-25 02:51:07"
AH-1007591,Adam,"Hart ",Corporate,,Veenendaal,3554,"2023-03-25 02:51:07"
AH-1007593,Adam,"Hart ",Corporate,,EstelÌ,1542,"2023-03-25 02:51:07"
AH-10120139,Adrian,"Hane ","Home Office",,London,2289,"2023-03-25 02:51:07"
AH-101201402,Adrian,"Hane ","Home Office",75217,Dallas,404,"2023-03-25 02:51:07"
AH-101201404,Adrian,"Hane ","Home Office",85705,Tucson,499,"2023-03-25 02:51:07"
AH-101201408,Adrian,"Hane ","Home Office",40214,Louisville,181,"2023-03-25 02:51:07"
AH-1012027,Adrian,"Hane ","Home Office",,Qidong,2902,"2023-03-25 02:51:07"
AH-1012039,Adrian,"Hane ","Home Office",,Apopa,772,"2023-03-25 02:51:07"
AH-1012045,Adrian,"Hane ","Home Office",,Vallauris,3533,"2023-03-25 02:51:07"
AH-101207,Adrian,"Hane ","Home Office",,Perth,2782,"2023-03-25 02:51:07"
AH-101208,Adrian,"Hane ","Home Office",,Vienna,3575,"2023-03-25 02:51:07"
AH-1012082,Adrian,"Hane ","Home Office",,Canc˙n,1168,"2023-03-25 02:51:07"
AH-1012091,Adrian,"Hane ","Home Office",,Amsterdam,732,"2023-03-25 02:51:07"
AH-10195102,Alan,"Haines ",Corporate,,Antipolo,760,"2023-03-25 02:51:07"
AH-10195139,Alan,"Haines ",Corporate,,Ferndown,1568,"2023-03-25 02:51:07"
AH-101951402,Alan,"Haines ",Corporate,60623,Chicago,323,"2023-03-25 02:51:07"
AH-101951406,Alan,"Haines ",Corporate,18018,Bethlehem,29,"2023-03-25 02:51:07"
AH-101951408,Alan,"Haines ",Corporate,33319,Tamarac,142,"2023-03-25 02:51:07"
AH-10195141,Alan,"Haines ",Corporate,,Montevideo,2527,"2023-03-25 02:51:07"
AH-1019518,Alan,"Haines ",Corporate,,JundiaÌ,1999,"2023-03-25 02:51:07"
AH-1019531,Alan,"Haines ",Corporate,,"Palma Soriano",2731,"2023-03-25 02:51:07"
AH-1019539,Alan,"Haines ",Corporate,,"San Salvador",3113,"2023-03-25 02:51:07"
AH-1019545,Alan,"Haines ",Corporate,,Brest,1082,"2023-03-25 02:51:07"
AH-1019548,Alan,"Haines ",Corporate,,Bochum,1032,"2023-03-25 02:51:07"
AH-1019558,Alan,"Haines ",Corporate,,Delhi,1415,"2023-03-25 02:51:07"
AH-1019564,Alan,"Haines ",Corporate,,Trento,3467,"2023-03-25 02:51:07"
AH-101957,Alan,"Haines ",Corporate,,Mandurah,2375,"2023-03-25 02:51:07"
AH-1019582,Alan,"Haines ",Corporate,,Atlixco,827,"2023-03-25 02:51:07"
AH-1019597,Alan,"Haines ",Corporate,,Lahore,2179,"2023-03-25 02:51:07"
AH-10210113,Alan,"Hwang ",Consumer,,Singapore,3238,"2023-03-25 02:51:07"
AH-10210120,Alan,"Hwang ",Consumer,,Barcelona,898,"2023-03-25 02:51:07"
AH-10210139,Alan,"Hwang ",Consumer,,Middlesbrough,2479,"2023-03-25 02:51:07"
AH-1021014,Alan,"Hwang ",Consumer,,Hasselt,1797,"2023-03-25 02:51:07"
AH-102101402,Alan,"Hwang ",Consumer,75220,Dallas,405,"2023-03-25 02:51:07"
AH-102101404,Alan,"Hwang ",Consumer,94513,Brentwood,584,"2023-03-25 02:51:07"
AH-102101406,Alan,"Hwang ",Consumer,10024,"New York City",4,"2023-03-25 02:51:07"
AH-102101408,Alan,"Hwang ",Consumer,37211,Nashville,167,"2023-03-25 02:51:07"
AH-1021018,Alan,"Hwang ",Consumer,,Colombo,1326,"2023-03-25 02:51:07"
AH-1021027,Alan,"Hwang ",Consumer,,Baotou,890,"2023-03-25 02:51:07"
AH-1021036,Alan,"Hwang ",Consumer,,"Santiago de los Caballeros",3143,"2023-03-25 02:51:07"
AH-1021045,Alan,"Hwang ",Consumer,,"La Seyne-sur-Mer",2170,"2023-03-25 02:51:07"
AH-1021048,Alan,"Hwang ",Consumer,,Munich,2561,"2023-03-25 02:51:07"
AH-102105,Alan,"Hwang ",Consumer,,"Presidencia Roque S·enz PeÒa",2874,"2023-03-25 02:51:07"
AH-1021051,Alan,"Hwang ",Consumer,,Mixco,2496,"2023-03-25 02:51:07"
AH-1021055,Alan,"Hwang ",Consumer,,Tegucigalpa,3383,"2023-03-25 02:51:07"
AH-1021082,Alan,"Hwang ",Consumer,,Irapuato,1907,"2023-03-25 02:51:07"
AH-1021091,Alan,"Hwang ",Consumer,,Breda,1077,"2023-03-25 02:51:07"
AH-1021098,Alan,"Hwang ",Consumer,,"San Miguelito",3106,"2023-03-25 02:51:07"
AH-10465102,Amy,"Hunt ",Consumer,,Caloocan,1151,"2023-03-25 02:51:07"
AH-10465139,Amy,"Hunt ",Consumer,,Plymouth,2828,"2023-03-25 02:51:07"
AH-104651402,Amy,"Hunt ",Consumer,75217,Dallas,404,"2023-03-25 02:51:07"
AH-104651404,Amy,"Hunt ",Consumer,94109,"San Francisco",579,"2023-03-25 02:51:07"
AH-104651406,Amy,"Hunt ",Consumer,10035,"New York City",5,"2023-03-25 02:51:07"
AH-104651408,Amy,"Hunt ",Consumer,38134,Bartlett,173,"2023-03-25 02:51:07"
AH-1046527,Amy,"Hunt ",Consumer,,Harbin,1790,"2023-03-25 02:51:07"
AH-1046528,Amy,"Hunt ",Consumer,,Bogot·,1036,"2023-03-25 02:51:07"
AH-1046536,Amy,"Hunt ",Consumer,,"Santo Domingo",3146,"2023-03-25 02:51:07"
AH-1046539,Amy,"Hunt ",Consumer,,Soyapango,3277,"2023-03-25 02:51:07"
AH-1046548,Amy,"Hunt ",Consumer,,Duisburg,1476,"2023-03-25 02:51:07"
AH-1046558,Amy,"Hunt ",Consumer,,Belgaum,948,"2023-03-25 02:51:07"
AH-1046559,Amy,"Hunt ",Consumer,,Medan,2447,"2023-03-25 02:51:07"
AH-104657,Amy,"Hunt ",Consumer,,Perth,2782,"2023-03-25 02:51:07"
AH-1046582,Amy,"Hunt ",Consumer,,MÈrida,2466,"2023-03-25 02:51:07"
AH-1046593,Amy,"Hunt ",Consumer,,LeÛn,2237,"2023-03-25 02:51:07"
AH-105851,Angele,"Hood ",Consumer,,Kabul,2003,"2023-03-25 02:51:07"
AH-10585130,Angele,"Hood ",Consumer,,Bangkok,884,"2023-03-25 02:51:07"
AH-10585139,Angele,"Hood ",Consumer,,Runcorn,3015,"2023-03-25 02:51:07"
AH-1058514,Angele,"Hood ",Consumer,,Ghent,1666,"2023-03-25 02:51:07"
AH-105851402,Angele,"Hood ",Consumer,60623,Chicago,323,"2023-03-25 02:51:07"
AH-105851404,Angele,"Hood ",Consumer,98105,Seattle,623,"2023-03-25 02:51:07"
AH-105851408,Angele,"Hood ",Consumer,33142,Miami,136,"2023-03-25 02:51:07"
AH-10585143,Angele,"Hood ",Consumer,,Maracaibo,2391,"2023-03-25 02:51:07"
AH-1058518,Angele,"Hood ",Consumer,,"S„o Paulo",3026,"2023-03-25 02:51:07"
AH-1058527,Angele,"Hood ",Consumer,,Zhuhai,3772,"2023-03-25 02:51:07"
AH-1058548,Angele,"Hood ",Consumer,,Forst,1591,"2023-03-25 02:51:07"
AH-1058559,Angele,"Hood ",Consumer,,Samarinda,3079,"2023-03-25 02:51:07"
AH-1058564,Angele,"Hood ",Consumer,,Ferrara,1569,"2023-03-25 02:51:07"
AH-1058566,Angele,"Hood ",Consumer,,Nishinomiya,2642,"2023-03-25 02:51:07"
AH-105857,Angele,"Hood ",Consumer,,Sunbury,3315,"2023-03-25 02:51:07"
AH-1058591,Angele,"Hood ",Consumer,,Zeist,3760,"2023-03-25 02:51:07"
AH-10690120,Anna,"H‰berlin ",Corporate,,Elda,1514,"2023-03-25 02:51:07"
AH-10690139,Anna,"H‰berlin ",Corporate,,Manchester,2374,"2023-03-25 02:51:07"
AH-106901402,Anna,"H‰berlin ",Corporate,77095,Houston,420,"2023-03-25 02:51:07"
AH-106901404,Anna,"H‰berlin ",Corporate,92024,"San Diego",541,"2023-03-25 02:51:07"
AH-106901406,Anna,"H‰berlin ",Corporate,10024,"New York City",4,"2023-03-25 02:51:07"
AH-106901408,Anna,"H‰berlin ",Corporate,33317,Plantation,141,"2023-03-25 02:51:07"
AH-1069027,Anna,"H‰berlin ",Corporate,,Chenzhou,1254,"2023-03-25 02:51:07"
AH-1069028,Anna,"H‰berlin ",Corporate,,"Santa Marta",3135,"2023-03-25 02:51:07"
AH-1069031,Anna,"H‰berlin ",Corporate,,Cienfuegos,1298,"2023-03-25 02:51:07"
AH-1069045,Anna,"H‰berlin ",Corporate,,Grasse,1701,"2023-03-25 02:51:07"
AH-1069048,Anna,"H‰berlin ",Corporate,,Cologne,1324,"2023-03-25 02:51:07"
AH-1069058,Anna,"H‰berlin ",Corporate,,Raipur,2928,"2023-03-25 02:51:07"
AH-1069064,Anna,"H‰berlin ",Corporate,,Grosseto,1714,"2023-03-25 02:51:07"
AH-106907,Anna,"H‰berlin ",Corporate,,Sydney,3327,"2023-03-25 02:51:07"
AH-106908,Anna,"H‰berlin ",Corporate,,Vienna,3575,"2023-03-25 02:51:07"
AH-1069082,Anna,"H‰berlin ",Corporate,,Reynosa,2964,"2023-03-25 02:51:07"
AH-1069093,Anna,"H‰berlin ",Corporate,,Granada,1699,"2023-03-25 02:51:07"
AH-120117,Adrian,"Hane ","Home Office",,Johannesburg,1990,"2023-03-25 02:51:07"
AH-12038,Adrian,"Hane ","Home Office",,Cairo,1141,"2023-03-25 02:51:07"
AH-12068,Adrian,"Hane ","Home Office",,Pavlodar,2768,"2023-03-25 02:51:07"
AH-12094,Adrian,"Hane ","Home Office",,Niamey,2630,"2023-03-25 02:51:07"
AH-195114,Alan,"Haines ",Corporate,,Nitra,2644,"2023-03-25 02:51:07"
AH-195134,Alan,"Haines ",Corporate,,Kayseri,2058,"2023-03-25 02:51:07"
AH-19523,Alan,"Haines ",Corporate,,Waterloo,3645,"2023-03-25 02:51:07"
AH-19542,Alan,"Haines ",Corporate,,Tallinn,3349,"2023-03-25 02:51:07"
AH-19560,Alan,"Haines ",Corporate,,Mashhad,2418,"2023-03-25 02:51:07"
AH-19595,Alan,"Haines ",Corporate,,Kano,2028,"2023-03-25 02:51:07"
AH-210105,Alan,"Hwang ",Consumer,,Doha,1449,"2023-03-25 02:51:07"
AH-210134,Alan,"Hwang ",Consumer,,Izmir,1936,"2023-03-25 02:51:07"
AH-2103,Alan,"Hwang ",Consumer,,Algiers,704,"2023-03-25 02:51:07"
AH-21038,Alan,"Hwang ",Consumer,,Alexandria,702,"2023-03-25 02:51:07"
AH-465117,Amy,"Hunt ",Consumer,,Stellenbosch,3293,"2023-03-25 02:51:07"
AH-465126,Amy,"Hunt ",Consumer,,"Dayr az Zawr",1411,"2023-03-25 02:51:07"
AH-465134,Amy,"Hunt ",Consumer,,Akhisar,677,"2023-03-25 02:51:07"
AH-46586,Amy,"Hunt ",Consumer,,Marrakech,2408,"2023-03-25 02:51:07"
AH-585134,Angele,"Hood ",Consumer,,Istanbul,1918,"2023-03-25 02:51:07"
AH-5854,Angele,"Hood ",Consumer,,Luanda,2311,"2023-03-25 02:51:07"
AH-58560,Angele,"Hood ",Consumer,,Qom,2906,"2023-03-25 02:51:07"
AH-5858,Angele,"Hood ",Consumer,,Vienna,3575,"2023-03-25 02:51:07"
AH-58581,Angele,"Hood ",Consumer,,Nouakchott,2658,"2023-03-25 02:51:07"
AH-690134,Anna,"H‰berlin ",Corporate,,Beykoz,982,"2023-03-25 02:51:07"
AH-690147,Anna,"H‰berlin ",Corporate,,Bulawayo,1106,"2023-03-25 02:51:07"
AH-69038,Anna,"H‰berlin ",Corporate,,Cairo,1141,"2023-03-25 02:51:07"
AH-69060,Anna,"H‰berlin ",Corporate,,Mashhad,2418,"2023-03-25 02:51:07"
AI-10855120,Arianne,"Irving ",Consumer,,Elda,1514,"2023-03-25 02:51:07"
AI-10855139,Arianne,"Irving ",Consumer,,Huyton,1865,"2023-03-25 02:51:07"
AI-108551404,Arianne,"Irving ",Consumer,90036,"Los Angeles",519,"2023-03-25 02:51:07"
AI-108551406,Arianne,"Irving ",Consumer,19120,Philadelphia,35,"2023-03-25 02:51:07"
AI-108551408,Arianne,"Irving ",Consumer,23320,Chesapeake,65,"2023-03-25 02:51:07"
AI-1085539,Arianne,"Irving ",Consumer,,Soyapango,3277,"2023-03-25 02:51:07"
AI-1085548,Arianne,"Irving ",Consumer,,Dinslaken,1439,"2023-03-25 02:51:07"
AI-1085559,Arianne,"Irving ",Consumer,,Bandung,882,"2023-03-25 02:51:07"
AI-1085564,Arianne,"Irving ",Consumer,,"Guidonia Montecelio",1740,"2023-03-25 02:51:07"
AI-108557,Arianne,"Irving ",Consumer,,Sydney,3327,"2023-03-25 02:51:07"
AI-1085592,Arianne,"Irving ",Consumer,,Wellington,3652,"2023-03-25 02:51:07"
AI-855107,Arianne,"Irving ",Consumer,,Timisoara,3417,"2023-03-25 02:51:07"
AI-855108,Arianne,"Irving ",Consumer,,Voronezh,3626,"2023-03-25 02:51:07"
AI-855134,Arianne,"Irving ",Consumer,,Kahramanmaras,2009,"2023-03-25 02:51:07"
AI-85586,Arianne,"Irving ",Consumer,,Casablanca,1193,"2023-03-25 02:51:07"
AJ-107801,Anthony,"Jacobs ",Corporate,,Kabul,2003,"2023-03-25 02:51:07"
AJ-10780139,Anthony,"Jacobs ",Corporate,,Liverpool,2278,"2023-03-25 02:51:07"
AJ-107801404,Anthony,"Jacobs ",Corporate,85254,Scottsdale,492,"2023-03-25 02:51:07"
AJ-107801406,Anthony,"Jacobs ",Corporate,1915,Beverly,39,"2023-03-25 02:51:07"
AJ-107801408,Anthony,"Jacobs ",Corporate,22153,Springfield,58,"2023-03-25 02:51:07"
AJ-1078018,Anthony,"Jacobs ",Corporate,,Natal,2602,"2023-03-25 02:51:07"
AJ-1078027,Anthony,"Jacobs ",Corporate,,Tangshan,3357,"2023-03-25 02:51:07"
AJ-1078034,Anthony,"Jacobs ",Corporate,,Copenhagen,1340,"2023-03-25 02:51:07"
AJ-1078045,Anthony,"Jacobs ",Corporate,,Conflans-Sainte-Honorine,1333,"2023-03-25 02:51:07"
AJ-1078048,Anthony,"Jacobs ",Corporate,,Bremen,1078,"2023-03-25 02:51:07"
AJ-1078058,Anthony,"Jacobs ",Corporate,,Tirupati,3422,"2023-03-25 02:51:07"
AJ-1078059,Anthony,"Jacobs ",Corporate,,Jakarta,1943,"2023-03-25 02:51:07"
AJ-1078082,Anthony,"Jacobs ",Corporate,,Chihuahua,1269,"2023-03-25 02:51:07"
AJ-1078091,Anthony,"Jacobs ",Corporate,,"The Hague",3404,"2023-03-25 02:51:07"
AJ-1078093,Anthony,"Jacobs ",Corporate,,Managua,2372,"2023-03-25 02:51:07"
AJ-10795120,Anthony,"Johnson ",Corporate,,Vitoria,3614,"2023-03-25 02:51:07"
AJ-10795139,Anthony,"Johnson ",Corporate,,Wigan,3668,"2023-03-25 02:51:07"
AJ-107951404,Anthony,"Johnson ",Corporate,98115,Seattle,624,"2023-03-25 02:51:07"
AJ-107951406,Anthony,"Johnson ",Corporate,10024,"New York City",4,"2023-03-25 02:51:07"
AJ-107951408,Anthony,"Johnson ",Corporate,33710,"Saint Petersburg",149,"2023-03-25 02:51:07"
AJ-1079527,Anthony,"Johnson ",Corporate,,Kunming,2145,"2023-03-25 02:51:07"
AJ-1079528,Anthony,"Johnson ",Corporate,,Bogot·,1036,"2023-03-25 02:51:07"
AJ-1079545,Anthony,"Johnson ",Corporate,,Valence,3527,"2023-03-25 02:51:07"
AJ-1079548,Anthony,"Johnson ",Corporate,,Hamburg,1777,"2023-03-25 02:51:07"
AJ-1079558,Anthony,"Johnson ",Corporate,,Amritsar,730,"2023-03-25 02:51:07"
AJ-107957,Anthony,"Johnson ",Corporate,,Adelaide,660,"2023-03-25 02:51:07"
AJ-1079582,Anthony,"Johnson ",Corporate,,LeÛn,2237,"2023-03-25 02:51:07"
AJ-1079598,Anthony,"Johnson ",Corporate,,"San Miguelito",3106,"2023-03-25 02:51:07"
AJ-10945102,Ashley,"Jarboe ",Consumer,,Cainta,1139,"2023-03-25 02:51:07"
AJ-10945139,Ashley,"Jarboe ",Consumer,,Portsmouth,2861,"2023-03-25 02:51:07"
AJ-109451402,Ashley,"Jarboe ",Consumer,46226,Lawrence,218,"2023-03-25 02:51:07"
AJ-109451404,Ashley,"Jarboe ",Consumer,94110,"San Francisco",580,"2023-03-25 02:51:07"
AJ-109451408,Ashley,"Jarboe ",Consumer,28403,Wilmington,88,"2023-03-25 02:51:07"
AJ-10945143,Ashley,"Jarboe ",Consumer,,Tinaquillo,3418,"2023-03-25 02:51:07"
AJ-1094518,Ashley,"Jarboe ",Consumer,,"Juiz de Fora",1997,"2023-03-25 02:51:07"
AJ-1094527,Ashley,"Jarboe ",Consumer,,Wuhan,3687,"2023-03-25 02:51:07"
AJ-1094531,Ashley,"Jarboe ",Consumer,,C·rdenas,1125,"2023-03-25 02:51:07"
AJ-1094544,Ashley,"Jarboe ",Consumer,,Turku,3486,"2023-03-25 02:51:07"
AJ-1094545,Ashley,"Jarboe ",Consumer,,Sallanches,3071,"2023-03-25 02:51:07"
AJ-1094548,Ashley,"Jarboe ",Consumer,,Hamburg,1777,"2023-03-25 02:51:07"
AJ-109455,Ashley,"Jarboe ",Consumer,,"Buenos Aires",1103,"2023-03-25 02:51:07"
AJ-1094558,Ashley,"Jarboe ",Consumer,,Aligarh,707,"2023-03-25 02:51:07"
AJ-109457,Ashley,"Jarboe ",Consumer,,Sydney,3327,"2023-03-25 02:51:07"
AJ-1094582,Ashley,"Jarboe ",Consumer,,Reynosa,2964,"2023-03-25 02:51:07"
AJ-1094591,Ashley,"Jarboe ",Consumer,,Amsterdam,732,"2023-03-25 02:51:07"
AJ-10960120,Astrea,"Jones ",Consumer,,Sabadell,3030,"2023-03-25 02:51:07"
AJ-109601404,Astrea,"Jones ",Consumer,92037,"San Diego",543,"2023-03-25 02:51:07"
AJ-109601406,Astrea,"Jones ",Consumer,14609,Rochester,23,"2023-03-25 02:51:07"
AJ-1096031,Astrea,"Jones ",Consumer,,"Santiago de Cuba",3142,"2023-03-25 02:51:07"
AJ-1096036,Astrea,"Jones ",Consumer,,"Santo Domingo",3146,"2023-03-25 02:51:07"
AJ-1096045,Astrea,"Jones ",Consumer,,Paris,2754,"2023-03-25 02:51:07"
AJ-1096048,Astrea,"Jones ",Consumer,,Munich,2561,"2023-03-25 02:51:07"
AJ-1096051,Astrea,"Jones ",Consumer,,Mixco,2496,"2023-03-25 02:51:07"
AJ-1096055,Astrea,"Jones ",Consumer,,"San Pedro Sula",3111,"2023-03-25 02:51:07"
AJ-1096058,Astrea,"Jones ",Consumer,,Ambattur,722,"2023-03-25 02:51:07"
AJ-1096059,Astrea,"Jones ",Consumer,,Denpasar,1421,"2023-03-25 02:51:07"
AJ-1096064,Astrea,"Jones ",Consumer,,Milan,2483,"2023-03-25 02:51:07"
AJ-109607,Astrea,"Jones ",Consumer,,Wollongong,3679,"2023-03-25 02:51:07"
AJ-1096092,Astrea,"Jones ",Consumer,,"Manukau City",2386,"2023-03-25 02:51:07"
AJ-780108,Anthony,"Jacobs ",Corporate,,Astrakhan',820,"2023-03-25 02:51:07"
AJ-780111,Anthony,"Jacobs ",Corporate,,Dakar,1393,"2023-03-25 02:51:07"
AJ-78023,Anthony,"Jacobs ",Corporate,,Brampton,1071,"2023-03-25 02:51:07"
AJ-7803,Anthony,"Jacobs ",Corporate,,Batna,926,"2023-03-25 02:51:07"
AJ-78033,Anthony,"Jacobs ",Corporate,,Kinshasa,2091,"2023-03-25 02:51:07"
AJ-78038,Anthony,"Jacobs ",Corporate,,Cairo,1141,"2023-03-25 02:51:07"
AJ-78060,Anthony,"Jacobs ",Corporate,,Shahriar,3195,"2023-03-25 02:51:07"
AJ-78061,Anthony,"Jacobs ",Corporate,,Basra,921,"2023-03-25 02:51:07"
AJ-78063,Anthony,"Jacobs ",Corporate,,Jerusalem,1961,"2023-03-25 02:51:07"
AJ-78095,Anthony,"Jacobs ",Corporate,,Lagos,2177,"2023-03-25 02:51:07"
AJ-795103,Anthony,"Johnson ",Corporate,,Tarnow,3365,"2023-03-25 02:51:07"
AJ-795110,Anthony,"Johnson ",Corporate,,Mecca,2445,"2023-03-25 02:51:07"
AJ-795122,Anthony,"Johnson ",Corporate,,Khartoum,2069,"2023-03-25 02:51:07"
AJ-795134,Anthony,"Johnson ",Corporate,,Eskisehir,1538,"2023-03-25 02:51:07"
AJ-795137,Anthony,"Johnson ",Corporate,,Kharkiv,2068,"2023-03-25 02:51:07"
AJ-79533,Anthony,"Johnson ",Corporate,,Likasi,2253,"2023-03-25 02:51:07"
AJ-79538,Anthony,"Johnson ",Corporate,,Mallawi,2366,"2023-03-25 02:51:07"
AJ-79560,Anthony,"Johnson ",Corporate,,Mashhad,2418,"2023-03-25 02:51:07"
AJ-79586,Anthony,"Johnson ",Corporate,,Sale,3067,"2023-03-25 02:51:07"
AJ-945111,Ashley,"Jarboe ",Consumer,,Ouagadougou,2710,"2023-03-25 02:51:07"
AJ-945116,Ashley,"Jarboe ",Consumer,,Mogadishu,2503,"2023-03-25 02:51:07"
AJ-945137,Ashley,"Jarboe ",Consumer,,Sumy,3314,"2023-03-25 02:51:07"
AJ-94538,Ashley,"Jarboe ",Consumer,,Cairo,1141,"2023-03-25 02:51:07"
AJ-9454,Ashley,"Jarboe ",Consumer,,Huambo,1852,"2023-03-25 02:51:07"
AJ-94595,Ashley,"Jarboe ",Consumer,,Kano,2028,"2023-03-25 02:51:07"
AJ-960134,Astrea,"Jones ",Consumer,,Izmir,1936,"2023-03-25 02:51:07"
AJ-96022,Astrea,"Jones ",Consumer,,Garoua,1640,"2023-03-25 02:51:07"
AJ-96033,Astrea,"Jones ",Consumer,,Kananga,2024,"2023-03-25 02:51:07"
AJ-96038,Astrea,"Jones ",Consumer,,Cairo,1141,"2023-03-25 02:51:07"
AJ-96043,Astrea,"Jones ",Consumer,,"Dire Dawa",1440,"2023-03-25 02:51:07"
AJ-96086,Astrea,"Jones ",Consumer,,Casablanca,1193,"2023-03-25 02:51:07"
AJ-96095,Astrea,"Jones ",Consumer,,Onitsha,2686,"2023-03-25 02:51:07"
AM-10360101,Alice,"McCarthy ",Corporate,,Huancayo,1853,"2023-03-25 02:51:07"
AM-1036011,Alice,"McCarthy ",Corporate,,Chittagong,1284,"2023-03-25 02:51:07"
AM-10360113,Alice,"McCarthy ",Corporate,,Singapore,3238,"2023-03-25 02:51:07"
AM-10360124,Alice,"McCarthy ",Corporate,,Nacka,2574,"2023-03-25 02:51:07"
AM-10360139,Alice,"McCarthy ",Corporate,,Harrogate,1794,"2023-03-25 02:51:07"
AM-103601402,Alice,"McCarthy ",Corporate,75051,"Grand Prairie",397,"2023-03-25 02:51:07"
AM-103601404,Alice,"McCarthy ",Corporate,90032,"Los Angeles",518,"2023-03-25 02:51:07"
AM-103601406,Alice,"McCarthy ",Corporate,44105,Cleveland,202,"2023-03-25 02:51:07"
AM-1036018,Alice,"McCarthy ",Corporate,,SantarÈm,3139,"2023-03-25 02:51:07"
AM-1036026,Alice,"McCarthy ",Corporate,,Santiago,3140,"2023-03-25 02:51:07"
AM-1036039,Alice,"McCarthy ",Corporate,,Soyapango,3277,"2023-03-25 02:51:07"
AM-1036045,Alice,"McCarthy ",Corporate,,Paris,2754,"2023-03-25 02:51:07"
AM-1036055,Alice,"McCarthy ",Corporate,,Tegucigalpa,3383,"2023-03-25 02:51:07"
AM-1036058,Alice,"McCarthy ",Corporate,,Gaya,1646,"2023-03-25 02:51:07"
AM-1036059,Alice,"McCarthy ",Corporate,,Surabaya,3317,"2023-03-25 02:51:07"
AM-1036064,Alice,"McCarthy ",Corporate,,Messina,2469,"2023-03-25 02:51:07"
AM-1036066,Alice,"McCarthy ",Corporate,,Hiratsuka,1832,"2023-03-25 02:51:07"
AM-103607,Alice,"McCarthy ",Corporate,,Brisbane,1087,"2023-03-25 02:51:07"
AM-1036078,Alice,"McCarthy ",Corporate,,Tawau,3377,"2023-03-25 02:51:07"
AM-10705102,Anne,"McFarland ",Consumer,,Manila,2378,"2023-03-25 02:51:07"
AM-10705120,Anne,"McFarland ",Consumer,,Badalona,852,"2023-03-25 02:51:07"
AM-10705125,Anne,"McFarland ",Consumer,,Zurich,3784,"2023-03-25 02:51:07"
AM-10705130,Anne,"McFarland ",Consumer,,Bangkok,884,"2023-03-25 02:51:07"
AM-10705139,Anne,"McFarland ",Consumer,,Eastbourne,1492,"2023-03-25 02:51:07"
AM-107051402,Anne,"McFarland ",Consumer,60016,"Des Plaines",298,"2023-03-25 02:51:07"
AM-107051404,Anne,"McFarland ",Consumer,90004,"Los Angeles",516,"2023-03-25 02:51:07"
AM-107051406,Anne,"McFarland ",Consumer,2920,Cranston,96,"2023-03-25 02:51:07"
AM-107051408,Anne,"McFarland ",Consumer,36830,Auburn,160,"2023-03-25 02:51:07"
AM-10705144,Anne,"McFarland ",Consumer,,"Ho Chi Minh City",1834,"2023-03-25 02:51:07"
AM-1070527,Anne,"McFarland ",Consumer,,Pingdingshan,2809,"2023-03-25 02:51:07"
AM-1070531,Anne,"McFarland ",Consumer,,"Las Tunas",2199,"2023-03-25 02:51:07"
AM-1070539,Anne,"McFarland ",Consumer,,Sonsonate,3266,"2023-03-25 02:51:07"
AM-1070545,Anne,"McFarland ",Consumer,,Lorient,2298,"2023-03-25 02:51:07"
AM-1070548,Anne,"McFarland ",Consumer,,Trier,3470,"2023-03-25 02:51:07"
AM-1070559,Anne,"McFarland ",Consumer,,Bandung,882,"2023-03-25 02:51:07"
AM-1070564,Anne,"McFarland ",Consumer,,Palermo,2728,"2023-03-25 02:51:07"
AM-107057,Anne,"McFarland ",Consumer,,Melbourne,2455,"2023-03-25 02:51:07"
AM-1070582,Anne,"McFarland ",Consumer,,Puebla,2883,"2023-03-25 02:51:07"
AM-1070592,Anne,"McFarland ",Consumer,,Dunedin,1480,"2023-03-25 02:51:07"
AM-360117,Alice,"McCarthy ",Corporate,,"Cape Town",1175,"2023-03-25 02:51:07"
AM-3603,Alice,"McCarthy ",Corporate,,Algiers,704,"2023-03-25 02:51:07"
AM-3608,Alice,"McCarthy ",Corporate,,Vienna,3575,"2023-03-25 02:51:07"
AM-36084,Alice,"McCarthy ",Corporate,,"Ulan Bator",3500,"2023-03-25 02:51:07"
AM-36095,Alice,"McCarthy ",Corporate,,Maiduguri,2350,"2023-03-25 02:51:07"
AM-70513,Anne,"McFarland ",Consumer,,Mazyr,2439,"2023-03-25 02:51:07"
AM-70523,Anne,"McFarland ",Consumer,,Mississauga,2494,"2023-03-25 02:51:07"
AM-70529,Anne,"McFarland ",Consumer,,Abidjan,646,"2023-03-25 02:51:07"
AM-70533,Anne,"McFarland ",Consumer,,Kalemie,2014,"2023-03-25 02:51:07"
AM-70549,Anne,"McFarland ",Consumer,,Kumasi,2143,"2023-03-25 02:51:07"
AO-10810102,Anthony,"O'Donnell ",Corporate,,"Las Pinas",2197,"2023-03-25 02:51:07"
AO-10810118,Anthony,"O'Donnell ",Corporate,,Kwangju,2151,"2023-03-25 02:51:07"
AO-10810120,Anthony,"O'Donnell ",Corporate,,Seville,3189,"2023-03-25 02:51:07"
AO-10810139,Anthony,"O'Donnell ",Corporate,,Chester,1260,"2023-03-25 02:51:07"
AO-108101404,Anthony,"O'Donnell ",Corporate,90045,"Los Angeles",520,"2023-03-25 02:51:07"
AO-1081018,Anthony,"O'Donnell ",Corporate,,Londrina,2290,"2023-03-25 02:51:07"
AO-1081026,Anthony,"O'Donnell ",Corporate,,Santiago,3140,"2023-03-25 02:51:07"
AO-1081045,Anthony,"O'Donnell ",Corporate,,Boulogne-sur-Mer,1060,"2023-03-25 02:51:07"
AO-1081048,Anthony,"O'Donnell ",Corporate,,Herten,1821,"2023-03-25 02:51:07"
AO-1081058,Anthony,"O'Donnell ",Corporate,,Agra,668,"2023-03-25 02:51:07"
AO-1081059,Anthony,"O'Donnell ",Corporate,,Pekanbaru,2773,"2023-03-25 02:51:07"
AO-1081064,Anthony,"O'Donnell ",Corporate,,Cagliari,1136,"2023-03-25 02:51:07"
AO-108107,Anthony,"O'Donnell ",Corporate,,Perth,2782,"2023-03-25 02:51:07"
AO-1081082,Anthony,"O'Donnell ",Corporate,,Victoria,3573,"2023-03-25 02:51:07"
AO-810110,Anthony,"O'Donnell ",Corporate,,Riyadh,2981,"2023-03-25 02:51:07"
AO-81023,Anthony,"O'Donnell ",Corporate,,"North York",2653,"2023-03-25 02:51:07"
AO-81063,Anthony,"O'Donnell ",Corporate,,"Tel Aviv",3387,"2023-03-25 02:51:07"
AO-81095,Anthony,"O'Donnell ",Corporate,,Minna,2488,"2023-03-25 02:51:07"
AP-10720130,Anne,"Pryor ","Home Office",,Bangkok,884,"2023-03-25 02:51:07"
AP-10720139,Anne,"Pryor ","Home Office",,Chelmsford,1247,"2023-03-25 02:51:07"
AP-107201402,Anne,"Pryor ","Home Office",75034,Frisco,395,"2023-03-25 02:51:07"
AP-107201404,Anne,"Pryor ","Home Office",90032,"Los Angeles",518,"2023-03-25 02:51:07"
AP-107201406,Anne,"Pryor ","Home Office",10035,"New York City",5,"2023-03-25 02:51:07"
AP-107201408,Anne,"Pryor ","Home Office",35630,Florence,156,"2023-03-25 02:51:07"
AP-1072018,Anne,"Pryor ","Home Office",,BrasÌlia,1074,"2023-03-25 02:51:07"
AP-1072027,Anne,"Pryor ","Home Office",,Shanghai,3196,"2023-03-25 02:51:07"
AP-1072036,Anne,"Pryor ","Home Office",,"Santiago de los Caballeros",3143,"2023-03-25 02:51:07"
AP-1072045,Anne,"Pryor ","Home Office",,"Le Havre",2211,"2023-03-25 02:51:07"
AP-1072058,Anne,"Pryor ","Home Office",,Jabalpur,1938,"2023-03-25 02:51:07"
AP-1072059,Anne,"Pryor ","Home Office",,Jakarta,1943,"2023-03-25 02:51:07"
AP-1072092,Anne,"Pryor ","Home Office",,"New Plymouth",2623,"2023-03-25 02:51:07"
AP-1072093,Anne,"Pryor ","Home Office",,Tipitapa,3419,"2023-03-25 02:51:07"
AP-10915139,Arthur,"Prichep ",Consumer,,Halifax,1770,"2023-03-25 02:51:07"
AP-109151404,Arthur,"Prichep ",Consumer,90045,"Los Angeles",520,"2023-03-25 02:51:07"
AP-109151408,Arthur,"Prichep ",Consumer,32137,"Palm Coast",116,"2023-03-25 02:51:07"
AP-1091518,Arthur,"Prichep ",Consumer,,"S„o Miguel dos Campos",3025,"2023-03-25 02:51:07"
AP-1091527,Arthur,"Prichep ",Consumer,,Shouguang,3215,"2023-03-25 02:51:07"
AP-1091531,Arthur,"Prichep ",Consumer,,"Santa Clara",3129,"2023-03-25 02:51:07"
AP-1091536,Arthur,"Prichep ",Consumer,,"Santo Domingo",3146,"2023-03-25 02:51:07"
AP-1091545,Arthur,"Prichep ",Consumer,,Saint-Denis,3045,"2023-03-25 02:51:07"
AP-1091558,Arthur,"Prichep ",Consumer,,Thane,3402,"2023-03-25 02:51:07"
AP-1091559,Arthur,"Prichep ",Consumer,,Jakarta,1943,"2023-03-25 02:51:07"
AP-1091564,Arthur,"Prichep ",Consumer,,Cagliari,1136,"2023-03-25 02:51:07"
AP-109157,Arthur,"Prichep ",Consumer,,Sydney,3327,"2023-03-25 02:51:07"
AP-1091582,Arthur,"Prichep ",Consumer,,MÈrida,2466,"2023-03-25 02:51:07"
AP-1091592,Arthur,"Prichep ",Consumer,,Auckland,831,"2023-03-25 02:51:07"
AP-1091593,Arthur,"Prichep ",Consumer,,Tipitapa,3419,"2023-03-25 02:51:07"
AP-720147,Anne,"Pryor ","Home Office",,Bulawayo,1106,"2023-03-25 02:51:07"
AP-72038,Anne,"Pryor ","Home Office",,Alexandria,702,"2023-03-25 02:51:07"
AP-72057,Anne,"Pryor ","Home Office",,Balmazujvaros,871,"2023-03-25 02:51:07"
AP-72068,Anne,"Pryor ","Home Office",,Ekibastuz,1503,"2023-03-25 02:51:07"
AP-72086,Anne,"Pryor ","Home Office",,Casablanca,1193,"2023-03-25 02:51:07"
AP-915122,Arthur,"Prichep ",Consumer,,Khartoum,2069,"2023-03-25 02:51:07"
AP-915129,Arthur,"Prichep ",Consumer,,"Dar es Salaam",1400,"2023-03-25 02:51:07"
AP-915134,Arthur,"Prichep ",Consumer,,Mamak,2368,"2023-03-25 02:51:07"
AP-91538,Arthur,"Prichep ",Consumer,,Cairo,1141,"2023-03-25 02:51:07"
AP-91583,Arthur,"Prichep ",Consumer,,Chisinau,1283,"2023-03-25 02:51:07"
AR-10345104,Alex,"Russell ",Corporate,,Amadora,718,"2023-03-25 02:51:07"
AR-10345113,Alex,"Russell ",Corporate,,Singapore,3238,"2023-03-25 02:51:07"
AR-10345120,Alex,"Russell ",Corporate,,Albacete,695,"2023-03-25 02:51:07"
AR-10345139,Alex,"Russell ",Corporate,,Birmingham,1012,"2023-03-25 02:51:07"
AR-103451402,Alex,"Russell ",Corporate,77070,Houston,419,"2023-03-25 02:51:07"
AR-103451406,Alex,"Russell ",Corporate,1841,Lawrence,32,"2023-03-25 02:51:07"
AR-10345144,Alex,"Russell ",Corporate,,"Ho Chi Minh City",1834,"2023-03-25 02:51:07"
AR-1034518,Alex,"Russell ",Corporate,,Indaiatuba,1894,"2023-03-25 02:51:07"
AR-1034527,Alex,"Russell ",Corporate,,Jiangmen,1966,"2023-03-25 02:51:07"
AR-1034544,Alex,"Russell ",Corporate,,Kotka,2122,"2023-03-25 02:51:07"
AR-1034545,Alex,"Russell ",Corporate,,Aix-en-Provence,672,"2023-03-25 02:51:07"
AR-1034558,Alex,"Russell ",Corporate,,Kota,2120,"2023-03-25 02:51:07"
AR-1034559,Alex,"Russell ",Corporate,,Jakarta,1943,"2023-03-25 02:51:07"
AR-1034564,Alex,"Russell ",Corporate,,Acerra,654,"2023-03-25 02:51:07"
AR-103457,Alex,"Russell ",Corporate,,Caloundra,1152,"2023-03-25 02:51:07"
AR-103458,Alex,"Russell ",Corporate,,Vienna,3575,"2023-03-25 02:51:07"
AR-1034582,Alex,"Russell ",Corporate,,Mexicali,2473,"2023-03-25 02:51:07"
AR-10405102,Allen,"Rosenblatt ",Corporate,,Manila,2378,"2023-03-25 02:51:07"
